{
	"credit": "Made by Justieboy3",
    "variants": {
        "delay=1,facing=south,locked=false,powered=false": { "model": "block/repeater/1tick" },
        "delay=1,facing=west,locked=false,powered=false": { "model": "block/repeater/1tick", "y": 90 },
        "delay=1,facing=north,locked=false,powered=false": { "model": "block/repeater/1tick", "y": 180 },
        "delay=1,facing=east,locked=false,powered=false": { "model": "block/repeater/1tick", "y": 270 },
        "delay=2,facing=south,locked=false,powered=false": { "model": "block/repeater/2tick" },
        "delay=2,facing=west,locked=false,powered=false": { "model": "block/repeater/2tick", "y": 90 },
        "delay=2,facing=north,locked=false,powered=false": { "model": "block/repeater/2tick", "y": 180 },
        "delay=2,facing=east,locked=false,powered=false": { "model": "block/repeater/2tick", "y": 270 },
        "delay=3,facing=south,locked=false,powered=false": { "model": "block/repeater/3tick" },
        "delay=3,facing=west,locked=false,powered=false": { "model": "block/repeater/3tick", "y": 90 },
        "delay=3,facing=north,locked=false,powered=false": { "model": "block/repeater/3tick", "y": 180 },
        "delay=3,facing=east,locked=false,powered=false": { "model": "block/repeater/3tick", "y": 270 },
        "delay=4,facing=south,locked=false,powered=false": { "model": "block/repeater/4tick" },
        "delay=4,facing=west,locked=false,powered=false": { "model": "block/repeater/4tick", "y": 90 },
        "delay=4,facing=north,locked=false,powered=false": { "model": "block/repeater/4tick", "y": 180 },
        "delay=4,facing=east,locked=false,powered=false": { "model": "block/repeater/4tick", "y": 270 },
        "delay=1,facing=south,locked=true,powered=false": { "model": "block/repeater/1tick_locked" },
        "delay=1,facing=west,locked=true,powered=false": { "model": "block/repeater/1tick_locked", "y": 90 },
        "delay=1,facing=north,locked=true,powered=false": { "model": "block/repeater/1tick_locked", "y": 180 },
        "delay=1,facing=east,locked=true,powered=false": { "model": "block/repeater/1tick_locked", "y": 270 },
        "delay=2,facing=south,locked=true,powered=false": { "model": "block/repeater/2tick_locked" },
        "delay=2,facing=west,locked=true,powered=false": { "model": "block/repeater/2tick_locked", "y": 90 },
        "delay=2,facing=north,locked=true,powered=false": { "model": "block/repeater/2tick_locked", "y": 180 },
        "delay=2,facing=east,locked=true,powered=false": { "model": "block/repeater/2tick_locked", "y": 270 },
        "delay=3,facing=south,locked=true,powered=false": { "model": "block/repeater/3tick_locked" },
        "delay=3,facing=west,locked=true,powered=false": { "model": "block/repeater/3tick_locked", "y": 90 },
        "delay=3,facing=north,locked=true,powered=false": { "model": "block/repeater/3tick_locked", "y": 180 },
        "delay=3,facing=east,locked=true,powered=false": { "model": "block/repeater/3tick_locked", "y": 270 },
        "delay=4,facing=south,locked=true,powered=false": { "model": "block/repeater/4tick_locked" },
        "delay=4,facing=west,locked=true,powered=false": { "model": "block/repeater/4tick_locked", "y": 90 },
        "delay=4,facing=north,locked=true,powered=false": { "model": "block/repeater/4tick_locked", "y": 180 },
        "delay=4,facing=east,locked=true,powered=false": { "model": "block/repeater/4tick_locked", "y": 270 },
        "delay=1,facing=south,locked=false,powered=true": { "model": "block/repeater/1tick_on" },
        "delay=1,facing=west,locked=false,powered=true": { "model": "block/repeater/1tick_on", "y": 90 },
        "delay=1,facing=north,locked=false,powered=true": { "model": "block/repeater/1tick_on", "y": 180 },
        "delay=1,facing=east,locked=false,powered=true": { "model": "block/repeater/1tick_on", "y": 270 },
        "delay=2,facing=south,locked=false,powered=true": { "model": "block/repeater/2tick_on" },
        "delay=2,facing=west,locked=false,powered=true": { "model": "block/repeater/2tick_on", "y": 90 },
        "delay=2,facing=north,locked=false,powered=true": { "model": "block/repeater/2tick_on", "y": 180 },
        "delay=2,facing=east,locked=false,powered=true": { "model": "block/repeater/2tick_on", "y": 270 },
        "delay=3,facing=south,locked=false,powered=true": { "model": "block/repeater/3tick_on" },
        "delay=3,facing=west,locked=false,powered=true": { "model": "block/repeater/3tick_on", "y": 90 },
        "delay=3,facing=north,locked=false,powered=true": { "model": "block/repeater/3tick_on", "y": 180 },
        "delay=3,facing=east,locked=false,powered=true": { "model": "block/repeater/3tick_on", "y": 270 },
        "delay=4,facing=south,locked=false,powered=true": { "model": "block/repeater/4tick_on" },
        "delay=4,facing=west,locked=false,powered=true": { "model": "block/repeater/4tick_on", "y": 90 },
        "delay=4,facing=north,locked=false,powered=true": { "model": "block/repeater/4tick_on", "y": 180 },
        "delay=4,facing=east,locked=false,powered=true": { "model": "block/repeater/4tick_on", "y": 270 },
        "delay=1,facing=south,locked=true,powered=true": { "model": "block/repeater/1tick_on_locked" },
        "delay=1,facing=west,locked=true,powered=true": { "model": "block/repeater/1tick_on_locked", "y": 90 },
        "delay=1,facing=north,locked=true,powered=true": { "model": "block/repeater/1tick_on_locked", "y": 180 },
        "delay=1,facing=east,locked=true,powered=true": { "model": "block/repeater/1tick_on_locked", "y": 270 },
        "delay=2,facing=south,locked=true,powered=true": { "model": "block/repeater/2tick_on_locked" },
        "delay=2,facing=west,locked=true,powered=true": { "model": "block/repeater/2tick_on_locked", "y": 90 },
        "delay=2,facing=north,locked=true,powered=true": { "model": "block/repeater/2tick_on_locked", "y": 180 },
        "delay=2,facing=east,locked=true,powered=true": { "model": "block/repeater/2tick_on_locked", "y": 270 },
        "delay=3,facing=south,locked=true,powered=true": { "model": "block/repeater/3tick_on_locked" },
        "delay=3,facing=west,locked=true,powered=true": { "model": "block/repeater/3tick_on_locked", "y": 90 },
        "delay=3,facing=north,locked=true,powered=true": { "model": "block/repeater/3tick_on_locked", "y": 180 },
        "delay=3,facing=east,locked=true,powered=true": { "model": "block/repeater/3tick_on_locked", "y": 270 },
        "delay=4,facing=south,locked=true,powered=true": { "model": "block/repeater/4tick_on_locked" },
        "delay=4,facing=west,locked=true,powered=true": { "model": "block/repeater/4tick_on_locked", "y": 90 },
        "delay=4,facing=north,locked=true,powered=true": { "model": "block/repeater/4tick_on_locked", "y": 180 },
        "delay=4,facing=east,locked=true,powered=true": { "model": "block/repeater/4tick_on_locked", "y": 270 }
    }
}
