{
	"credit": "Made by Justieboy3",
	"parent": "block/block",
	"texture_size": [64, 64],
	"textures": {
		"3": "block/glass",
		"top": "block/composter_top",
		"bottom": "block/composter_bottom",
		"particle": "block/composter_side",
		"side": "block/composter_side"
	},
	"elements": [
		{
			"from": [0, 0, 0],
			"to": [16, 2, 16],
			"faces": {
				"up": {"uv": [0, 0, 16, 16], "texture": "#bottom"},
				"down": {"uv": [0, 0, 16, 16], "texture": "#bottom"}
			}
		},
		{
			"from": [0, 0, 14],
			"to": [6, 16, 16],
			"rotation": {"angle": 0, "axis": "y", "origin": [1, 8, 22]},
			"faces": {
				"north": {"uv": [11, 0, 16, 16], "texture": "#side"},
				"east": {"uv": [0, 0, 2, 16], "texture": "#side"},
				"south": {"uv": [0, 0, 6, 16], "texture": "#side"},
				"west": {"uv": [14, 0, 16, 16], "texture": "#side"},
				"up": {"uv": [0, 14, 5, 16], "texture": "#top"}
			}
		},
		{
			"from": [6, 14, 14],
			"to": [11, 16, 16],
			"rotation": {"angle": 0, "axis": "y", "origin": [4, 21, 22]},
			"faces": {
				"north": {"uv": [5, 0, 11, 3], "texture": "#side"},
				"south": {"uv": [6, 0, 11, 2], "texture": "#side"},
				"up": {"uv": [5, 14, 11, 16], "texture": "#top"},
				"down": {"uv": [5, 0, 11, 2], "texture": "#side"}
			}
		},
		{
			"from": [11, 0, 14],
			"to": [16, 16, 16],
			"rotation": {"angle": 0, "axis": "y", "origin": [8, 8, 22]},
			"faces": {
				"north": {"uv": [0, 0, 5, 16], "texture": "#side"},
				"east": {"uv": [0, 0, 2, 16], "texture": "#side"},
				"south": {"uv": [11, 0, 16, 16], "texture": "#side"},
				"west": {"uv": [14, 0, 16, 16], "texture": "#side"},
				"up": {"uv": [11, 14, 16, 16], "texture": "#top"}
			}
		},
		{
			"from": [6, 0, 14],
			"to": [11, 2, 16],
			"rotation": {"angle": 0, "axis": "y", "origin": [4, 8, 22]},
			"faces": {
				"north": {"uv": [5, 13, 11, 16], "texture": "#side"},
				"south": {"uv": [6, 14, 11, 16], "texture": "#side"},
				"up": {"uv": [5, 12, 11, 14], "texture": "#top"}
			}
		},
		{
			"from": [10, 2, 14],
			"to": [11, 14, 16],
			"faces": {
				"north": {"uv": [5, 3, 6, 13], "texture": "#side"},
				"east": {"uv": [0, 0, 1, 10], "texture": "#missing"},
				"south": {"uv": [10, 2, 11, 14], "texture": "#side"},
				"west": {"uv": [8.5, 3, 10.5, 13], "texture": "#side"},
				"up": {"uv": [0, 0, 1, 1], "texture": "#missing"},
				"down": {"uv": [0, 0, 1, 1], "texture": "#missing"}
			}
		},
		{
			"from": [7, 2, 14],
			"to": [9, 2.85, 16],
			"faces": {
				"north": {"uv": [1.5, 14.5, 14.5, 16], "texture": "#3"},
				"east": {"uv": [1, 14, 9.5, 14.5], "texture": "#3"},
				"south": {"uv": [1.5, 14.5, 14.5, 16], "texture": "#3"},
				"west": {"uv": [6.5, 5.5, 7, 6], "texture": "#3"},
				"up": {"uv": [8.5, 3, 9, 4], "rotation": 90, "texture": "#3"},
				"down": {"uv": [9.5, 6.5, 10, 7.5], "rotation": 270, "texture": "#3"}
			}
		},
		{
			"from": [9, 2, 14],
			"to": [10, 14, 16],
			"faces": {
				"north": {"uv": [0, 0, 1, 16], "texture": "#3"},
				"east": {"uv": [0.5, 0.5, 1, 15.5], "texture": "#3"},
				"south": {"uv": [15, 0, 16, 16], "texture": "#3"},
				"west": {"uv": [2, 0.5, 5.5, 15.5], "texture": "#3"},
				"up": {"uv": [0, 0.5, 0.5, 15.5], "rotation": 90, "texture": "#3"},
				"down": {"uv": [0, 0.5, 0.5, 15.5], "rotation": 270, "texture": "#3"}
			}
		},
		{
			"from": [6, 2, 14],
			"to": [7, 14, 16],
			"faces": {
				"north": {"uv": [15, 0, 16, 16], "texture": "#3"},
				"east": {"uv": [12, 0.5, 14.5, 15.5], "texture": "#3"},
				"south": {"uv": [0, 0, 1, 16], "texture": "#3"},
				"west": {"uv": [14.5, 0.5, 15, 15.5], "texture": "#3"},
				"up": {"uv": [15.5, 0.5, 16, 15.5], "rotation": 90, "texture": "#3"},
				"down": {"uv": [15.5, 0.5, 16, 15.5], "rotation": 270, "texture": "#3"}
			}
		},
		{
			"from": [7, 13, 14],
			"to": [9, 14, 16],
			"faces": {
				"north": {"uv": [1.5, 0, 14.5, 2], "texture": "#3"},
				"east": {"uv": [1, 14, 9.5, 14.5], "texture": "#3"},
				"south": {"uv": [1.5, 0, 14.5, 2], "texture": "#3"},
				"west": {"uv": [6.5, 5.5, 7, 6], "texture": "#3"},
				"up": {"uv": [8.5, 3, 9, 4], "rotation": 90, "texture": "#3"},
				"down": {"uv": [1, 0.5, 1.5, 1.5], "rotation": 270, "texture": "#3"}
			}
		},
		{
			"from": [14, 0, 10],
			"to": [16, 16, 14],
			"faces": {
				"north": {"uv": [0, 0, 2, 16], "texture": "#side"},
				"east": {"uv": [2, 0, 6, 16], "texture": "#side"},
				"west": {"uv": [11, 0, 14, 16], "texture": "#side"},
				"up": {"uv": [11, 0, 14, 2], "rotation": 90, "texture": "#top"}
			}
		},
		{
			"from": [14, 14, 6],
			"to": [16, 16, 10],
			"faces": {
				"east": {"uv": [6, 0, 10, 2], "texture": "#side"},
				"west": {"uv": [5, 0, 11, 3], "texture": "#side"},
				"up": {"uv": [5, 0, 11, 2], "rotation": 90, "texture": "#top"},
				"down": {"uv": [5, 14, 11, 16], "rotation": 270, "texture": "#side"}
			}
		},
		{
			"from": [14, 0, 2],
			"to": [16, 16, 6],
			"faces": {
				"north": {"uv": [0, 0, 2, 16], "texture": "#side"},
				"east": {"uv": [10, 0, 14, 16], "texture": "#side"},
				"south": {"uv": [14, 0, 16, 16], "texture": "#side"},
				"west": {"uv": [2, 0, 5, 16], "texture": "#side"},
				"up": {"uv": [2, 0, 5, 2], "rotation": 90, "texture": "#top"}
			}
		},
		{
			"from": [14, 2, 7],
			"to": [16, 2.85, 9],
			"faces": {
				"north": {"uv": [6.5, 5.5, 7, 6], "texture": "#3"},
				"east": {"uv": [1.5, 14.5, 14.5, 16], "texture": "#3"},
				"south": {"uv": [1, 14, 9.5, 14.5], "texture": "#3"},
				"west": {"uv": [1.5, 14.5, 14.5, 16], "texture": "#3"},
				"up": {"uv": [8.5, 3, 9, 4], "rotation": 180, "texture": "#3"},
				"down": {"uv": [9.5, 6.5, 10, 7.5], "rotation": 180, "texture": "#3"}
			}
		},
		{
			"from": [14, 2, 6],
			"to": [16, 14, 7],
			"faces": {
				"north": {"uv": [14.5, 0.5, 15, 15.5], "texture": "#3"},
				"east": {"uv": [15, 0, 16, 16], "texture": "#3"},
				"south": {"uv": [12, 0.5, 14.5, 15.5], "texture": "#3"},
				"west": {"uv": [0, 0, 1, 16], "texture": "#3"},
				"up": {"uv": [15.5, 0.5, 16, 15.5], "rotation": 180, "texture": "#3"},
				"down": {"uv": [15.5, 0.5, 16, 15.5], "rotation": 180, "texture": "#3"}
			}
		},
		{
			"from": [14, 13, 7],
			"to": [16, 14, 9],
			"faces": {
				"north": {"uv": [6.5, 5.5, 7, 6], "texture": "#3"},
				"east": {"uv": [1.5, 0, 14.5, 2], "texture": "#3"},
				"south": {"uv": [1, 14, 9.5, 14.5], "texture": "#3"},
				"west": {"uv": [1.5, 0, 14.5, 2], "texture": "#3"},
				"up": {"uv": [8.5, 3, 9, 4], "rotation": 180, "texture": "#3"},
				"down": {"uv": [1, 0.5, 1.5, 1.5], "rotation": 180, "texture": "#3"}
			}
		},
		{
			"from": [14, 2, 9],
			"to": [16, 14, 10],
			"faces": {
				"north": {"uv": [2, 0.5, 5.5, 15.5], "texture": "#3"},
				"east": {"uv": [0, 0, 1, 16], "texture": "#3"},
				"south": {"uv": [0.5, 0.5, 1, 15.5], "texture": "#3"},
				"west": {"uv": [15, 0, 16, 16], "texture": "#3"},
				"up": {"uv": [0, 0.5, 0.5, 15.5], "rotation": 180, "texture": "#3"},
				"down": {"uv": [0, 0.5, 0.5, 15.5], "rotation": 180, "texture": "#3"}
			}
		},
		{
			"from": [14, 0, 6],
			"to": [16, 2, 10],
			"faces": {
				"east": {"uv": [6, 14, 10, 16], "texture": "#side"},
				"west": {"uv": [5, 13, 11, 16], "texture": "#side"},
				"up": {"uv": [5, 2, 11, 4], "rotation": 90, "texture": "#top"}
			}
		},
		{
			"from": [0, 14, 5],
			"to": [2, 16, 11],
			"faces": {
				"east": {"uv": [5, 0, 11, 3], "texture": "#side"},
				"west": {"uv": [5, 0, 11, 3], "texture": "#side"},
				"up": {"uv": [5, 14, 11, 16], "rotation": 90, "texture": "#top"},
				"down": {"uv": [5, 0, 11, 2], "rotation": 270, "texture": "#side"}
			}
		},
		{
			"from": [0, 0, 11],
			"to": [2, 16, 14],
			"faces": {
				"north": {"uv": [14, 0, 16, 16], "texture": "#side"},
				"east": {"uv": [2, 0, 5, 16], "texture": "#side"},
				"west": {"uv": [11, 0, 14, 16], "texture": "#side"},
				"up": {"uv": [11, 14, 14, 16], "rotation": 90, "texture": "#top"}
			}
		},
		{
			"from": [0, 0, 5],
			"to": [2, 2, 11],
			"faces": {
				"east": {"uv": [5, 13, 11, 16], "texture": "#side"},
				"west": {"uv": [5, 14, 10.5, 16], "texture": "#side"},
				"up": {"uv": [5, 12, 11, 14], "rotation": 90, "texture": "#top"}
			}
		},
		{
			"from": [0, 0, 0],
			"to": [2, 16, 5],
			"faces": {
				"north": {"uv": [14, 0, 16, 16], "texture": "#side"},
				"east": {"uv": [11, 0, 16, 16], "texture": "#side"},
				"south": {"uv": [0, 0, 2, 16], "texture": "#side"},
				"west": {"uv": [0, 0, 5, 16], "texture": "#side"},
				"up": {"uv": [0, 0, 2, 5], "texture": "#top"}
			}
		},
		{
			"from": [0, 2, 5],
			"to": [2, 14, 6],
			"faces": {
				"north": {"uv": [0, 0, 0.5, 5], "texture": "#missing"},
				"east": {"uv": [10, 3, 11, 13], "texture": "#side"},
				"south": {"uv": [6, 3, 8, 13], "texture": "#side"},
				"west": {"uv": [5, 2, 6, 14], "texture": "#side"},
				"up": {"uv": [0, 0, 0.5, 0.5], "texture": "#missing"},
				"down": {"uv": [0, 0, 0.5, 0.5], "texture": "#missing"}
			}
		},
		{
			"from": [0, 2, 6],
			"to": [2, 14, 7],
			"faces": {
				"north": {"uv": [14.5, 0.5, 15, 15.5], "texture": "#3"},
				"east": {"uv": [15, 0, 16, 16], "texture": "#3"},
				"south": {"uv": [12, 0.5, 14.5, 15.5], "texture": "#3"},
				"west": {"uv": [0, 0, 1, 16], "texture": "#3"},
				"up": {"uv": [15.5, 0.5, 16, 15.5], "rotation": 180, "texture": "#3"},
				"down": {"uv": [15.5, 0.5, 16, 15.5], "rotation": 180, "texture": "#3"}
			}
		},
		{
			"from": [0, 2, 9],
			"to": [2, 14, 10],
			"faces": {
				"north": {"uv": [2, 0.5, 5.5, 15.5], "texture": "#3"},
				"east": {"uv": [0, 0, 1, 16], "texture": "#3"},
				"south": {"uv": [0.5, 0.5, 1, 15.5], "texture": "#3"},
				"west": {"uv": [15, 0, 16, 16], "texture": "#3"},
				"up": {"uv": [0, 0.5, 0.5, 15.5], "rotation": 180, "texture": "#3"},
				"down": {"uv": [0, 0.5, 0.5, 15.5], "rotation": 180, "texture": "#3"}
			}
		},
		{
			"from": [0, 13, 7],
			"to": [2, 14, 9],
			"faces": {
				"north": {"uv": [6.5, 5.5, 7, 6], "texture": "#3"},
				"east": {"uv": [1.5, 0, 14.5, 2], "texture": "#3"},
				"south": {"uv": [1, 14, 9.5, 14.5], "texture": "#3"},
				"west": {"uv": [1.5, 0, 14.5, 2], "texture": "#3"},
				"up": {"uv": [8.5, 3, 9, 4], "rotation": 180, "texture": "#3"},
				"down": {"uv": [1, 0.5, 1.5, 1.5], "rotation": 180, "texture": "#3"}
			}
		},
		{
			"from": [0, 2, 7],
			"to": [2, 2.85, 9],
			"faces": {
				"north": {"uv": [6.5, 5.5, 7, 6], "texture": "#3"},
				"east": {"uv": [1.5, 14.5, 14.5, 16], "texture": "#3"},
				"south": {"uv": [1, 14, 9.5, 14.5], "texture": "#3"},
				"west": {"uv": [1.5, 14.5, 14.5, 16], "texture": "#3"},
				"up": {"uv": [8.5, 3, 9, 4], "rotation": 180, "texture": "#3"},
				"down": {"uv": [9.5, 6.5, 10, 7.5], "rotation": 180, "texture": "#3"}
			}
		},
		{
			"from": [0, 2, 10],
			"to": [2, 14, 11],
			"faces": {
				"north": {"uv": [8, 3, 10, 13], "texture": "#side"},
				"east": {"uv": [5, 3, 6, 13], "texture": "#side"},
				"south": {"uv": [0, 0, 0.5, 5], "texture": "#missing"},
				"west": {"uv": [10, 2, 11, 14], "texture": "#side"},
				"up": {"uv": [0, 0, 0.5, 0.5], "texture": "#missing"},
				"down": {"uv": [0, 0, 0.5, 0.5], "texture": "#missing"}
			}
		},
		{
			"from": [11, 0, 0],
			"to": [16, 16, 2],
			"faces": {
				"north": {"uv": [0, 0, 5, 16], "texture": "#side"},
				"east": {"uv": [14, 0, 16, 16], "texture": "#side"},
				"south": {"uv": [11, 0, 16, 16], "texture": "#side"},
				"west": {"uv": [0, 0, 2, 16], "texture": "#side"},
				"up": {"uv": [11, 0, 16, 2], "texture": "#top"}
			}
		},
		{
			"from": [6, 14, 0],
			"to": [11, 16, 2],
			"rotation": {"angle": 0, "axis": "y", "origin": [4, 21, 8]},
			"faces": {
				"north": {"uv": [5, 0, 10, 2], "texture": "#side"},
				"south": {"uv": [5, 0, 11, 3], "texture": "#side"},
				"up": {"uv": [5, 0, 11, 2], "texture": "#top"},
				"down": {"uv": [5, 14, 11, 16], "texture": "#side"}
			}
		},
		{
			"from": [9, 2, 0],
			"to": [10, 14, 2],
			"faces": {
				"north": {"uv": [0, 0, 1, 16], "texture": "#3"},
				"east": {"uv": [0.5, 0.5, 1, 15.5], "texture": "#3"},
				"south": {"uv": [15, 0, 16, 16], "texture": "#3"},
				"west": {"uv": [2, 0.5, 5.5, 15.5], "texture": "#3"},
				"up": {"uv": [0, 0.5, 0.5, 15.5], "rotation": 90, "texture": "#3"},
				"down": {"uv": [0, 0.5, 0.5, 15.5], "rotation": 270, "texture": "#3"}
			}
		},
		{
			"from": [7, 2, 0],
			"to": [9, 2.85, 2],
			"faces": {
				"north": {"uv": [1.5, 14.5, 14.5, 16], "texture": "#3"},
				"east": {"uv": [1, 14, 9.5, 14.5], "texture": "#3"},
				"south": {"uv": [1.5, 14.5, 14.5, 16], "texture": "#3"},
				"west": {"uv": [6.5, 5.5, 7, 6], "texture": "#3"},
				"up": {"uv": [8.5, 3, 9, 4], "rotation": 90, "texture": "#3"},
				"down": {"uv": [9.5, 6.5, 10, 7.5], "rotation": 270, "texture": "#3"}
			}
		},
		{
			"from": [7, 13, 0],
			"to": [9, 14, 2],
			"faces": {
				"north": {"uv": [1.5, 0, 14.5, 2], "texture": "#3"},
				"east": {"uv": [1, 14, 9.5, 14.5], "texture": "#3"},
				"south": {"uv": [1.5, 0, 14.5, 2], "texture": "#3"},
				"west": {"uv": [6.5, 5.5, 7, 6], "texture": "#3"},
				"up": {"uv": [8.5, 3, 9, 4], "rotation": 90, "texture": "#3"},
				"down": {"uv": [1, 0.5, 1.5, 1.5], "rotation": 270, "texture": "#3"}
			}
		},
		{
			"from": [6, 2, 0],
			"to": [7, 14, 2],
			"faces": {
				"north": {"uv": [15, 0, 16, 16], "texture": "#3"},
				"east": {"uv": [12, 0.5, 14.5, 15.5], "texture": "#3"},
				"south": {"uv": [0, 0, 1, 16], "texture": "#3"},
				"west": {"uv": [14.5, 0.5, 15, 15.5], "texture": "#3"},
				"up": {"uv": [15.5, 0.5, 16, 15.5], "rotation": 90, "texture": "#3"},
				"down": {"uv": [15.5, 0.5, 16, 15.5], "rotation": 270, "texture": "#3"}
			}
		},
		{
			"from": [2, 0, 0],
			"to": [6, 16, 2],
			"rotation": {"angle": 0, "axis": "y", "origin": [1, 8, 8]},
			"faces": {
				"north": {"uv": [10, 0, 14, 16], "texture": "#side"},
				"east": {"uv": [14, 0, 16, 16], "texture": "#side"},
				"south": {"uv": [2, 0, 5, 16], "texture": "#side"},
				"up": {"uv": [2, 0, 5, 2], "texture": "#top"}
			}
		},
		{
			"from": [6, 0, 0],
			"to": [11, 2, 2],
			"rotation": {"angle": 0, "axis": "y", "origin": [4, 8, 8]},
			"faces": {
				"north": {"uv": [5, 14, 10, 16], "texture": "#side"},
				"south": {"uv": [5, 13, 11, 16], "texture": "#side"},
				"up": {"uv": [5, 2, 11, 4], "texture": "#top"}
			}
		},
		{
			"from": [10, 2, 0],
			"to": [11, 14, 2],
			"faces": {
				"north": {"uv": [5, 2, 6, 14], "texture": "#side"},
				"east": {"uv": [0, 0, 1, 10], "texture": "#missing"},
				"south": {"uv": [10, 3, 11, 13], "texture": "#side"},
				"west": {"uv": [6, 3, 8, 13], "texture": "#side"},
				"up": {"uv": [0, 0, 1, 1], "texture": "#missing"},
				"down": {"uv": [0, 0, 1, 1], "texture": "#missing"}
			}
		}
	],
	"display": {
		"thirdperson_righthand": {
			"rotation": [75, 45, 0],
			"translation": [0, 3.27, 0],
			"scale": [0.375, 0.375, 0.375]
		},
		"thirdperson_lefthand": {
			"rotation": [75, 45, 0],
			"translation": [0, 3.27, 0],
			"scale": [0.375, 0.375, 0.375]
		},
		"firstperson_righthand": {
			"rotation": [0, 45, 0],
			"scale": [0.4, 0.4, 0.4]
		},
		"firstperson_lefthand": {
			"rotation": [0, 45, 0],
			"scale": [0.4, 0.4, 0.4]
		},
		"ground": {
			"translation": [0, 3, 0],
			"scale": [0.25, 0.25, 0.25]
		},
		"gui": {
			"rotation": [30, -135, 0],
			"scale": [0.625, 0.625, 0.625]
		},
		"fixed": {
			"scale": [0.5, 0.5, 0.5]
		}
	},
	"groups": [0,
		{
			"name": "SouthFront",
			"origin": [11, 17, 22],
			"color": 0,
			"children": [1, 2, 3, 4, 5, 6, 7, 8, 9]
		},
		{
			"name": "EastFront",
			"origin": [0, 0, 0],
			"color": 0,
			"children": [10, 11, 12, 13, 14, 15, 16, 17]
		},
		{
			"name": "WestFront",
			"origin": [0, 0, 0],
			"color": 0,
			"children": [18, 19, 20, 21, 22, 23, 24, 25, 26, 27]
		},
		{
			"name": "NorthFront",
			"origin": [11, 8, 7],
			"color": 0,
			"children": [28, 29, 30, 31, 32, 33, 34, 35, 36]
		}
	]
}