{
	"credit": "Made by Justieboy3",
	"ambientocclusion": false,
	"texture_size": [64, 64],
	"textures": {
		"4": "block/glass",
		"5": "block/cauldron_lava_still",
		"top": "block/cauldron_top",
		"bottom": "block/cauldron_bottom",
		"particle": "block/cauldron_side",
		"side": "block/cauldron_side",
		"inside": "block/cauldron_inner"
	},
	"elements": [
		{
			"from": [2, 3, 2],
			"to": [14, 4, 14],
			"faces": {
				"up": {"uv": [2, 2, 14, 14], "texture": "#inside"},
				"down": {"uv": [2, 2, 14, 14], "texture": "#inside"}
			}
		},
		{
			"from": [10, 3, 14],
			"to": [14, 16, 16],
			"rotation": {"angle": 0, "axis": "y", "origin": [8, 9, 15]},
			"faces": {
				"north": {"uv": [2, 0, 5, 13], "texture": "#side"},
				"south": {"uv": [10, 0, 14, 13], "texture": "#side"},
				"west": {"uv": [14, 0, 16, 13], "texture": "#side"},
				"up": {"uv": [11, 14, 14, 16], "texture": "#top"},
				"down": {"uv": [11, 0, 14, 2], "texture": "#inside"}
			}
		},
		{
			"from": [6, 14, 14],
			"to": [10, 16, 16],
			"rotation": {"angle": 0, "axis": "y", "origin": [8, 9, 15]},
			"faces": {
				"north": {"uv": [5, 0, 11, 2], "texture": "#side"},
				"south": {"uv": [6, 0, 10, 2], "texture": "#side"},
				"up": {"uv": [5, 14, 11, 16], "texture": "#top"},
				"down": {"uv": [5, 0, 11, 2], "texture": "#inside"}
			}
		},
		{
			"from": [2, 3, 14],
			"to": [6, 16, 16],
			"rotation": {"angle": 0, "axis": "y", "origin": [8, 9.5, 15]},
			"faces": {
				"north": {"uv": [11, 0, 14, 13], "texture": "#side"},
				"east": {"uv": [14, 0, 16, 13], "texture": "#side"},
				"south": {"uv": [2, 0, 6, 13], "texture": "#side"},
				"west": {"uv": [0, 0, 16, 13], "texture": "#side"},
				"up": {"uv": [2, 0, 5, 2], "rotation": 180, "texture": "#top"},
				"down": {"uv": [2, 14, 5, 16], "texture": "#inside"}
			}
		},
		{
			"from": [0, 0, 14],
			"to": [4, 3, 16],
			"faces": {
				"north": {"uv": [12, 13, 16, 16], "texture": "#side"},
				"east": {"uv": [0, 13, 2, 16], "texture": "#side"},
				"south": {"uv": [0, 13, 4, 16], "texture": "#side"},
				"west": {"uv": [14, 13, 16, 16], "texture": "#side"},
				"down": {"uv": [0, 0, 4, 2], "texture": "#bottom", "cullface": "down"}
			}
		},
		{
			"from": [6, 3, 14],
			"to": [10, 5, 16],
			"rotation": {"angle": 0, "axis": "y", "origin": [8, 9, 15]},
			"faces": {
				"north": {"uv": [5, 11, 11, 13], "texture": "#side"},
				"south": {"uv": [6, 11, 10, 13], "texture": "#side"},
				"up": {"uv": [5, 14, 11, 16], "texture": "#top"},
				"down": {"uv": [5, 0, 11, 2], "texture": "#inside"}
			}
		},
		{
			"from": [12, 0, 14],
			"to": [16, 3, 16],
			"faces": {
				"north": {"uv": [0, 13, 4, 16], "texture": "#side"},
				"east": {"uv": [0, 13, 2, 16], "texture": "#side"},
				"south": {"uv": [12, 13, 16, 16], "texture": "#side"},
				"west": {"uv": [14, 13, 16, 16], "texture": "#side"},
				"down": {"uv": [12, 0, 16, 2], "texture": "#bottom", "cullface": "down"}
			}
		},
		{
			"from": [7, 5, 14],
			"to": [9, 5.85, 16],
			"faces": {
				"north": {"uv": [1.5, 14.5, 14.5, 16], "texture": "#4"},
				"east": {"uv": [1, 14, 9.5, 14.5], "texture": "#4"},
				"south": {"uv": [1.5, 14.5, 14.5, 16], "texture": "#4"},
				"west": {"uv": [6.5, 5.5, 7, 6], "texture": "#4"},
				"up": {"uv": [8.5, 3, 9, 4], "rotation": 90, "texture": "#4"},
				"down": {"uv": [0, 0, 0.5, 1], "rotation": 270, "texture": "#missing"}
			}
		},
		{
			"from": [7, 13, 14],
			"to": [9, 14, 16],
			"faces": {
				"north": {"uv": [1.5, 0, 14.5, 2], "texture": "#4"},
				"east": {"uv": [1, 14, 9.5, 14.5], "texture": "#4"},
				"south": {"uv": [1.5, 0, 14.5, 2], "texture": "#4"},
				"west": {"uv": [6.5, 5.5, 7, 6], "texture": "#4"},
				"up": {"uv": [8.5, 3, 9, 4], "rotation": 90, "texture": "#4"},
				"down": {"uv": [1, 0.5, 1.5, 1.5], "rotation": 270, "texture": "#4"}
			}
		},
		{
			"from": [9, 5, 14],
			"to": [10, 14, 16],
			"faces": {
				"north": {"uv": [0, 0, 1, 16], "texture": "#4"},
				"east": {"uv": [0, 0.5, 0.5, 15.5], "texture": "#4"},
				"south": {"uv": [15, 0, 16, 16], "texture": "#4"},
				"west": {"uv": [2, 0.5, 5.5, 15.5], "texture": "#4"},
				"up": {"uv": [0, 0.5, 0.5, 15.5], "rotation": 90, "texture": "#4"},
				"down": {"uv": [0, 0.5, 0.5, 15.5], "rotation": 270, "texture": "#4"}
			}
		},
		{
			"from": [6, 5, 14],
			"to": [7, 14, 16],
			"faces": {
				"north": {"uv": [15, 0, 16, 16], "texture": "#4"},
				"east": {"uv": [12, 0.5, 14.5, 15.5], "texture": "#4"},
				"south": {"uv": [0, 0, 1, 16], "texture": "#4"},
				"west": {"uv": [15.5, 0.5, 16, 15.5], "texture": "#4"},
				"up": {"uv": [15.5, 0.5, 16, 15.5], "rotation": 90, "texture": "#4"},
				"down": {"uv": [15.5, 0.5, 16, 15.5], "rotation": 270, "texture": "#4"}
			}
		},
		{
			"from": [0, 3, 11],
			"to": [2, 16, 16],
			"rotation": {"angle": 0, "axis": "y", "origin": [-6, 8, 8]},
			"faces": {
				"north": {"uv": [14, 0, 16, 13], "texture": "#side"},
				"east": {"uv": [0, 0, 5, 13], "texture": "#side"},
				"south": {"uv": [0, 0, 2, 13], "texture": "#side"},
				"west": {"uv": [11, 0, 16, 13], "texture": "#side"},
				"up": {"uv": [0, 11, 2, 16], "texture": "#top"},
				"down": {"uv": [0, 0, 2, 5], "texture": "#inside"}
			}
		},
		{
			"from": [0, 5, 9],
			"to": [2, 14, 10],
			"faces": {
				"north": {"uv": [12, 0.5, 14.5, 15.5], "texture": "#4"},
				"east": {"uv": [0, 0, 1, 16], "texture": "#4"},
				"south": {"uv": [15.5, 0.5, 16, 15.5], "texture": "#4"},
				"west": {"uv": [15, 0, 16, 16], "texture": "#4"},
				"up": {"uv": [15.5, 0.5, 16, 15.5], "texture": "#4"},
				"down": {"uv": [15.5, 0.5, 16, 15.5], "texture": "#4"}
			}
		},
		{
			"from": [0, 14, 5],
			"to": [2, 16, 11],
			"rotation": {"angle": 0, "axis": "y", "origin": [8, 9.5, 8]},
			"faces": {
				"east": {"uv": [5, 0, 11, 2], "texture": "#side"},
				"west": {"uv": [5, 0, 11, 2], "texture": "#side"},
				"up": {"uv": [5, 14, 11, 16], "rotation": 90, "texture": "#top"},
				"down": {"uv": [5, 0, 11, 2], "rotation": 270, "texture": "#inside"}
			}
		},
		{
			"from": [0, 3, 5],
			"to": [2, 5, 11],
			"rotation": {"angle": 0, "axis": "y", "origin": [8, 9.5, 8]},
			"faces": {
				"east": {"uv": [5, 11, 11, 13], "texture": "#side"},
				"west": {"uv": [5, 11, 11, 13], "texture": "#side"},
				"up": {"uv": [5, 14, 11, 16], "rotation": 90, "texture": "#top"},
				"down": {"uv": [5, 0, 11, 2], "rotation": 270, "texture": "#inside"}
			}
		},
		{
			"from": [0, 3, 0],
			"to": [2, 16, 5],
			"rotation": {"angle": 0, "axis": "y", "origin": [-6, 8, -3]},
			"faces": {
				"north": {"uv": [14, 0, 16, 13], "texture": "#side"},
				"east": {"uv": [11, 0, 16, 13], "texture": "#side"},
				"south": {"uv": [0, 0, 2, 13], "texture": "#side"},
				"west": {"uv": [0, 0, 5, 13], "texture": "#side"},
				"up": {"uv": [0, 0, 2, 5], "texture": "#top"},
				"down": {"uv": [0, 11, 2, 16], "texture": "#inside"}
			}
		},
		{
			"from": [0, 0, 2],
			"to": [2, 3, 4],
			"faces": {
				"east": {"uv": [12, 13, 14, 16], "texture": "#side"},
				"south": {"uv": [0, 13, 2, 16], "texture": "#side"},
				"west": {"uv": [2, 13, 4, 16], "texture": "#side"},
				"down": {"uv": [0, 12, 2, 14], "texture": "#bottom", "cullface": "down"}
			}
		},
		{
			"from": [0, 5, 10],
			"to": [2, 14, 11],
			"faces": {
				"north": {"uv": [9, 2, 10, 11], "texture": "#side"},
				"east": {"uv": [5, 2, 6, 11], "texture": "#side"},
				"south": {"uv": [0, 0, 0.5, 4.5], "texture": "#missing"},
				"west": {"uv": [10, 2, 11, 11], "texture": "#side"},
				"up": {"uv": [0, 0, 0.5, 0.5], "texture": "#missing"},
				"down": {"uv": [0, 0, 0.5, 0.5], "texture": "#missing"}
			}
		},
		{
			"from": [0, 5, 6],
			"to": [2, 14, 7],
			"faces": {
				"north": {"uv": [0, 0.5, 0.5, 15.5], "texture": "#4"},
				"east": {"uv": [15, 0, 16, 16], "texture": "#4"},
				"south": {"uv": [2, 0.5, 5.5, 15.5], "texture": "#4"},
				"west": {"uv": [0, 0, 1, 16], "texture": "#4"},
				"up": {"uv": [0, 0.5, 0.5, 15.5], "texture": "#4"},
				"down": {"uv": [0, 0.5, 0.5, 15.5], "texture": "#4"}
			}
		},
		{
			"from": [0, 5, 5],
			"to": [2, 14, 6],
			"faces": {
				"north": {"uv": [0, 0, 0.5, 4.5], "texture": "#missing"},
				"east": {"uv": [10, 2, 11, 11], "texture": "#side"},
				"south": {"uv": [5.5, 2, 6.5, 11], "texture": "#side"},
				"west": {"uv": [4.5, 2, 5.5, 11], "texture": "#side"},
				"up": {"uv": [0, 0, 0.5, 0.5], "texture": "#missing"},
				"down": {"uv": [0, 0, 0.5, 0.5], "texture": "#missing"}
			}
		},
		{
			"from": [0, 0, 12],
			"to": [2, 3, 14],
			"faces": {
				"north": {"uv": [14, 13, 16, 16], "texture": "#side"},
				"east": {"uv": [2, 13, 4, 16], "texture": "#side"},
				"west": {"uv": [12, 13, 14, 16], "texture": "#side"},
				"down": {"uv": [0, 2, 2, 4], "texture": "#bottom", "cullface": "down"}
			}
		},
		{
			"from": [0, 5, 7],
			"to": [2, 5.85, 9],
			"faces": {
				"north": {"uv": [1, 14, 9.5, 14.5], "texture": "#4"},
				"east": {"uv": [1.5, 14.5, 14.5, 16], "texture": "#4"},
				"south": {"uv": [6.5, 5.5, 7, 6], "texture": "#4"},
				"west": {"uv": [1.5, 14.5, 14.5, 16], "texture": "#4"},
				"up": {"uv": [8.5, 3, 9, 4], "texture": "#4"},
				"down": {"uv": [0, 0, 0.5, 1], "texture": "#missing"}
			}
		},
		{
			"from": [0, 13, 7],
			"to": [2, 14, 9],
			"faces": {
				"north": {"uv": [1, 14, 9.5, 14.5], "texture": "#4"},
				"east": {"uv": [1.5, 0, 14.5, 2], "texture": "#4"},
				"south": {"uv": [6.5, 5.5, 7, 6], "texture": "#4"},
				"west": {"uv": [1.5, 0, 14.5, 2], "texture": "#4"},
				"up": {"uv": [8.5, 3, 9, 4], "texture": "#4"},
				"down": {"uv": [1, 0.5, 1.5, 1.5], "texture": "#4"}
			}
		},
		{
			"from": [10, 3, 0],
			"to": [14, 16, 2],
			"faces": {
				"north": {"uv": [2, 0, 6, 13], "texture": "#side"},
				"south": {"uv": [11, 0, 14, 13], "texture": "#side"},
				"west": {"uv": [0, 0, 2, 13], "texture": "#side"},
				"up": {"uv": [11, 0, 14, 2], "texture": "#top"},
				"down": {"uv": [11, 14, 14, 16], "texture": "#inside"}
			}
		},
		{
			"from": [6, 3, 0],
			"to": [10, 5, 2],
			"rotation": {"angle": 0, "axis": "y", "origin": [2, 8, 8]},
			"faces": {
				"north": {"uv": [6, 11, 10, 13], "texture": "#side"},
				"south": {"uv": [5, 11, 11, 13], "texture": "#side"},
				"up": {"uv": [5, 0, 11, 2], "texture": "#top"},
				"down": {"uv": [5, 14, 11, 16], "texture": "#inside"}
			}
		},
		{
			"from": [0, 0, 0],
			"to": [4, 3, 2],
			"faces": {
				"north": {"uv": [12, 13, 16, 16], "texture": "#side"},
				"east": {"uv": [14, 13, 16, 16], "texture": "#side"},
				"south": {"uv": [0, 13, 4, 16], "texture": "#side"},
				"west": {"uv": [0, 13, 2, 16], "texture": "#side"},
				"down": {"uv": [0, 14, 4, 16], "texture": "#bottom", "cullface": "down"}
			}
		},
		{
			"from": [2, 3, 0],
			"to": [6, 16, 2],
			"rotation": {"angle": 0, "axis": "y", "origin": [-1, 8, 8]},
			"faces": {
				"north": {"uv": [10, 0, 14, 13], "texture": "#side"},
				"east": {"uv": [14, 0, 16, 13], "texture": "#side"},
				"south": {"uv": [2, 0, 5, 13], "texture": "#side"},
				"west": {"uv": [0, 0, 16, 13], "texture": "#side"},
				"up": {"uv": [2, 0, 5, 2], "texture": "#top"},
				"down": {"uv": [2, 14, 5, 16], "texture": "#inside"}
			}
		},
		{
			"from": [6, 14, 0],
			"to": [10, 16, 2],
			"rotation": {"angle": 0, "axis": "y", "origin": [2, 19, 8]},
			"faces": {
				"north": {"uv": [6, 0, 10, 2], "texture": "#side"},
				"south": {"uv": [5, 0, 11, 2], "texture": "#side"},
				"up": {"uv": [5, 0, 11, 2], "texture": "#top"},
				"down": {"uv": [5, 14, 11, 16], "texture": "#inside"}
			}
		},
		{
			"from": [12, 0, 0],
			"to": [16, 3, 2],
			"faces": {
				"north": {"uv": [0, 13, 4, 16], "texture": "#side"},
				"east": {"uv": [14, 13, 16, 16], "texture": "#side"},
				"south": {"uv": [12, 13, 16, 16], "texture": "#side"},
				"west": {"uv": [0, 13, 2, 16], "texture": "#side"},
				"down": {"uv": [12, 14, 16, 16], "texture": "#bottom", "cullface": "down"}
			}
		},
		{
			"from": [9, 5, 0],
			"to": [10, 14, 2],
			"faces": {
				"north": {"uv": [0, 0, 1, 16], "texture": "#4"},
				"east": {"uv": [0, 0.5, 0.5, 15.5], "texture": "#4"},
				"south": {"uv": [15, 0, 16, 16], "texture": "#4"},
				"west": {"uv": [2, 0.5, 5.5, 15.5], "texture": "#4"},
				"up": {"uv": [0, 0.5, 0.5, 15.5], "rotation": 90, "texture": "#4"},
				"down": {"uv": [0, 0.5, 0.5, 15.5], "rotation": 270, "texture": "#4"}
			}
		},
		{
			"from": [7, 5, 0],
			"to": [9, 5.85, 2],
			"faces": {
				"north": {"uv": [1.5, 14.5, 14.5, 16], "texture": "#4"},
				"east": {"uv": [1, 14, 9.5, 14.5], "texture": "#4"},
				"south": {"uv": [1.5, 14.5, 14.5, 16], "texture": "#4"},
				"west": {"uv": [6.5, 5.5, 7, 6], "texture": "#4"},
				"up": {"uv": [8.5, 3, 9, 4], "rotation": 90, "texture": "#4"},
				"down": {"uv": [0, 0, 0.5, 1], "rotation": 270, "texture": "#missing"}
			}
		},
		{
			"from": [7, 13, 0],
			"to": [9, 14, 2],
			"faces": {
				"north": {"uv": [1.5, 0, 14.5, 2], "texture": "#4"},
				"east": {"uv": [1, 14, 9.5, 14.5], "texture": "#4"},
				"south": {"uv": [1.5, 0, 14.5, 2], "texture": "#4"},
				"west": {"uv": [6.5, 5.5, 7, 6], "texture": "#4"},
				"up": {"uv": [8.5, 3, 9, 4], "rotation": 90, "texture": "#4"},
				"down": {"uv": [1, 0.5, 1.5, 1.5], "rotation": 270, "texture": "#4"}
			}
		},
		{
			"from": [6, 5, 0],
			"to": [7, 14, 2],
			"faces": {
				"north": {"uv": [15, 0, 16, 16], "texture": "#4"},
				"east": {"uv": [12, 0.5, 14.5, 15.5], "texture": "#4"},
				"south": {"uv": [0, 0, 1, 16], "texture": "#4"},
				"west": {"uv": [15.5, 0.5, 16, 15.5], "texture": "#4"},
				"up": {"uv": [15.5, 0.5, 16, 15.5], "rotation": 90, "texture": "#4"},
				"down": {"uv": [15.5, 0.5, 16, 15.5], "rotation": 270, "texture": "#4"}
			}
		},
		{
			"from": [14, 3, 0],
			"to": [16, 16, 5],
			"rotation": {"angle": 0, "axis": "y", "origin": [8, 8, -3]},
			"faces": {
				"north": {"uv": [0, 0, 2, 13], "texture": "#side"},
				"east": {"uv": [11, 0, 16, 13], "texture": "#side"},
				"south": {"uv": [14, 0, 16, 13], "texture": "#side"},
				"west": {"uv": [0, 0, 5, 13], "texture": "#side"},
				"up": {"uv": [14, 0, 16, 5], "texture": "#top"},
				"down": {"uv": [14, 11, 16, 16], "texture": "#inside"}
			}
		},
		{
			"from": [14, 14, 5],
			"to": [16, 16, 11],
			"rotation": {"angle": 0, "axis": "y", "origin": [8, 9.5, 8]},
			"faces": {
				"east": {"uv": [5, 0, 11, 2], "texture": "#side"},
				"west": {"uv": [5, 0, 11, 2], "texture": "#side"},
				"up": {"uv": [5, 0, 11, 2], "rotation": 90, "texture": "#top"},
				"down": {"uv": [5, 14, 11, 16], "rotation": 270, "texture": "#inside"}
			}
		},
		{
			"from": [14, 3, 11],
			"to": [16, 16, 16],
			"faces": {
				"north": {"uv": [0, 0, 2, 13], "texture": "#side"},
				"east": {"uv": [0, 0, 5, 13], "texture": "#side"},
				"south": {"uv": [14, 0, 16, 13], "texture": "#side"},
				"west": {"uv": [11, 0, 16, 13], "texture": "#side"},
				"up": {"uv": [14, 11, 16, 16], "texture": "#top"},
				"down": {"uv": [14, 0, 16, 5], "texture": "#inside"}
			}
		},
		{
			"from": [14, 0, 12],
			"to": [16, 3, 14],
			"rotation": {"angle": 0, "axis": "y", "origin": [8, 0, 0]},
			"faces": {
				"north": {"uv": [0, 13, 2, 16], "texture": "#side"},
				"east": {"uv": [2, 13, 4, 16], "texture": "#side"},
				"west": {"uv": [12, 13, 14, 16], "texture": "#side"},
				"down": {"uv": [14, 2, 16, 4], "texture": "#bottom", "cullface": "down"}
			}
		},
		{
			"from": [14, 3, 5],
			"to": [16, 5, 11],
			"rotation": {"angle": 0, "axis": "y", "origin": [8, 9.5, 8]},
			"faces": {
				"east": {"uv": [5, 11, 11, 13], "texture": "#side"},
				"west": {"uv": [5, 11, 11, 13], "texture": "#side"},
				"up": {"uv": [5, 0, 11, 2], "rotation": 90, "texture": "#top"},
				"down": {"uv": [5, 14, 11, 16], "rotation": 270, "texture": "#inside"}
			}
		},
		{
			"from": [14, 0, 2],
			"to": [16, 3, 4],
			"faces": {
				"east": {"uv": [12, 13, 14, 16], "texture": "#side"},
				"south": {"uv": [14, 13, 16, 16], "texture": "#side"},
				"west": {"uv": [2, 13, 4, 16], "texture": "#side"},
				"down": {"uv": [14, 12, 16, 14], "texture": "#bottom", "cullface": "down"}
			}
		},
		{
			"from": [14, 5, 5],
			"to": [16, 14, 6],
			"faces": {
				"north": {"uv": [0, 0, 0.5, 4.5], "texture": "#missing"},
				"east": {"uv": [10, 2, 11, 11], "texture": "#side"},
				"south": {"uv": [9, 2, 10, 11], "texture": "#side"},
				"west": {"uv": [4.5, 2, 5.5, 11], "texture": "#side"},
				"up": {"uv": [0, 0, 0.5, 0.5], "texture": "#missing"},
				"down": {"uv": [0, 0, 0.5, 0.5], "texture": "#missing"}
			}
		},
		{
			"from": [14, 5, 10],
			"to": [16, 14, 11],
			"faces": {
				"north": {"uv": [6, 2, 7, 11], "texture": "#side"},
				"east": {"uv": [5, 2, 6, 11], "texture": "#side"},
				"south": {"uv": [0, 0, 0.5, 4.5], "texture": "#missing"},
				"west": {"uv": [10, 2, 11, 11], "texture": "#side"},
				"up": {"uv": [0, 0, 0.5, 0.5], "texture": "#missing"},
				"down": {"uv": [0, 0, 0.5, 0.5], "texture": "#missing"}
			}
		},
		{
			"from": [14, 13, 7],
			"to": [16, 14, 9],
			"faces": {
				"north": {"uv": [6.5, 5.5, 7, 6], "texture": "#4"},
				"east": {"uv": [1.5, 0, 14.5, 2], "texture": "#4"},
				"south": {"uv": [1, 14, 9.5, 14.5], "texture": "#4"},
				"west": {"uv": [1.5, 0, 14.5, 2], "texture": "#4"},
				"up": {"uv": [8.5, 3, 9, 4], "rotation": 180, "texture": "#4"},
				"down": {"uv": [1, 0.5, 1.5, 1.5], "rotation": 180, "texture": "#4"}
			}
		},
		{
			"from": [14, 5, 6],
			"to": [16, 14, 7],
			"faces": {
				"north": {"uv": [15.5, 0.5, 16, 15.5], "texture": "#4"},
				"east": {"uv": [15, 0, 16, 16], "texture": "#4"},
				"south": {"uv": [12, 0.5, 14.5, 15.5], "texture": "#4"},
				"west": {"uv": [0, 0, 1, 16], "texture": "#4"},
				"up": {"uv": [15.5, 0.5, 16, 15.5], "rotation": 180, "texture": "#4"},
				"down": {"uv": [15.5, 0.5, 16, 15.5], "rotation": 180, "texture": "#4"}
			}
		},
		{
			"from": [14, 5, 7],
			"to": [16, 5.85, 9],
			"faces": {
				"north": {"uv": [6.5, 5.5, 7, 6], "texture": "#4"},
				"east": {"uv": [1.5, 14.5, 14.5, 16], "texture": "#4"},
				"south": {"uv": [1, 14, 9.5, 14.5], "texture": "#4"},
				"west": {"uv": [1.5, 14.5, 14.5, 16], "texture": "#4"},
				"up": {"uv": [8.5, 3, 9, 4], "rotation": 180, "texture": "#4"},
				"down": {"uv": [0, 0, 0.5, 1], "rotation": 180, "texture": "#missing"}
			}
		},
		{
			"from": [14, 5, 9],
			"to": [16, 14, 10],
			"faces": {
				"north": {"uv": [2, 0.5, 5.5, 15.5], "texture": "#4"},
				"east": {"uv": [0, 0, 1, 16], "texture": "#4"},
				"south": {"uv": [0, 0.5, 0.5, 15.5], "texture": "#4"},
				"west": {"uv": [15, 0, 16, 16], "texture": "#4"},
				"up": {"uv": [0, 0.5, 0.5, 15.5], "rotation": 180, "texture": "#4"},
				"down": {"uv": [0, 0.5, 0.5, 15.5], "rotation": 180, "texture": "#4"}
			}
		},
		{
			"from": [1, 6, 1],
			"to": [15, 14, 15],
			"rotation": {"angle": 0, "axis": "y", "origin": [8, 18, 8]},
			"faces": {
				"north": {"uv": [2, 2, 14, 10], "texture": "#5"},
				"east": {"uv": [2, 2, 14, 10], "texture": "#5"},
				"south": {"uv": [2, 2, 14, 10], "texture": "#5"},
				"west": {"uv": [2, 2, 14, 10], "texture": "#5"},
				"up": {"uv": [0, 0, 16, 16], "texture": "#5"},
				"down": {"uv": [2, 2, 14, 14], "texture": "#inside"}
			}
		}
	],
	"display": {
		"thirdperson_righthand": {
			"rotation": [75, 45, 0],
			"translation": [0, 3.27, 0],
			"scale": [0.375, 0.375, 0.375]
		},
		"thirdperson_lefthand": {
			"rotation": [75, 45, 0],
			"translation": [0, 3.27, 0],
			"scale": [0.375, 0.375, 0.375]
		},
		"firstperson_righthand": {
			"rotation": [0, 45, 0],
			"scale": [0.4, 0.4, 0.4]
		},
		"firstperson_lefthand": {
			"rotation": [0, 45, 0],
			"scale": [0.4, 0.4, 0.4]
		},
		"ground": {
			"translation": [0, 3, 0],
			"scale": [0.25, 0.25, 0.25]
		},
		"gui": {
			"rotation": [30, -135, 0],
			"scale": [0.625, 0.625, 0.625]
		},
		"fixed": {
			"scale": [0.5, 0.5, 0.5]
		}
	},
	"groups": [0,
		{
			"name": "SouthFront",
			"origin": [8, 9, 15],
			"color": 0,
			"children": [1, 2, 3, 4, 5, 6, 7, 8, 9, 10]
		},
		{
			"name": "WestFront",
			"origin": [8, 0, 0],
			"color": 0,
			"children": [11, 12, 13, 14, 15, 16, 17, 18, 19, 20, 21, 22]
		},
		{
			"name": "NorthFront",
			"origin": [8, 8, 8],
			"color": 0,
			"children": [23, 24, 25, 26, 27, 28, 29, 30, 31, 32]
		},
		{
			"name": "EastFront",
			"origin": [8, 8, -3],
			"color": 0,
			"children": [33, 34, 35, 36, 37, 38, 39, 40, 41, 42, 43, 44]
		}, 45]
}