{
	"credit": "Made with Blockbench",
	"texture_size": [64, 64],
	"textures": {
		"0": "block/crimson_door_bottom",
		"particle": "block/crimson_door_bottom"
	},
	"elements": [
		{
			"from": [0, 0, 0],
			"to": [2, 2, 16],
			"faces": {
				"north": {"uv": [15, 14, 16, 16], "texture": "#0"},
				"east": {"uv": [0, 14, 16, 16], "texture": "#0"},
				"south": {"uv": [0, 14, 1, 16], "texture": "#0"},
				"west": {"uv": [16, 14, 0, 16], "texture": "#0"},
				"up": {"uv": [0, 14.25, 16, 16], "rotation": 270, "texture": "#0"},
				"down": {"uv": [0, 14.25, 16, 16], "rotation": 270, "texture": "#0"}
			}
		},
		{
			"from": [0, 2, 14],
			"to": [2, 16, 16],
			"faces": {
				"north": {"uv": [1, 0, 2, 14], "texture": "#0"},
				"east": {"uv": [0, 0, 2, 14], "texture": "#0"},
				"south": {"uv": [0, 0, 1, 14], "texture": "#0"},
				"west": {"uv": [2, 0, 0, 14], "texture": "#0"},
				"down": {"uv": [0, 0, 0.5, 0.5], "rotation": 180, "texture": "#missing"}
			}
		},
		{
			"from": [0, 2, 10],
			"to": [2, 16, 12],
			"faces": {
				"north": {"uv": [5, 0, 6, 14], "texture": "#0"},
				"east": {"uv": [4, 0, 6, 14], "texture": "#0"},
				"south": {"uv": [5, 0, 6, 14], "texture": "#0"},
				"west": {"uv": [6, 0, 4, 14], "texture": "#0"},
				"down": {"uv": [0, 0, 0.5, 0.5], "rotation": 180, "texture": "#missing"}
			}
		},
		{
			"from": [0, 2, 4],
			"to": [2, 16, 6],
			"faces": {
				"north": {"uv": [10, 0, 11, 14], "texture": "#0"},
				"east": {"uv": [10, 0, 12, 14], "texture": "#0"},
				"south": {"uv": [10, 0, 11, 14], "texture": "#0"},
				"west": {"uv": [12, 0, 10, 14], "texture": "#0"},
				"down": {"uv": [0, 0, 0.5, 0.5], "rotation": 180, "texture": "#missing"}
			}
		},
		{
			"from": [0, 2, 0],
			"to": [2, 16, 2],
			"faces": {
				"north": {"uv": [15, 0, 16, 14], "texture": "#0"},
				"east": {"uv": [14, 0, 16, 14], "texture": "#0"},
				"south": {"uv": [15, 0, 16, 14], "texture": "#0"},
				"west": {"uv": [16, 0, 14, 14], "texture": "#0"},
				"down": {"uv": [0, 0, 0.5, 0.5], "rotation": 180, "texture": "#missing"}
			}
		},
		{
			"from": [0.5, 2, 12],
			"to": [1.5, 16, 14],
			"faces": {
				"east": {"uv": [2, 0, 4, 14], "texture": "#0"},
				"west": {"uv": [4, 0, 2, 14], "texture": "#0"}
			}
		},
		{
			"from": [0.5, 2, 6],
			"to": [1.5, 16, 10],
			"faces": {
				"east": {"uv": [6, 0, 10, 14], "texture": "#0"},
				"west": {"uv": [10, 0, 6, 14], "texture": "#0"}
			}
		},
		{
			"from": [0.5, 2, 2],
			"to": [1.5, 16, 4],
			"faces": {
				"east": {"uv": [12, 0, 14, 14], "texture": "#0"},
				"west": {"uv": [14, 0, 12, 14], "texture": "#0"}
			}
		}
	],
	"groups": [
		{
			"name": "door",
			"origin": [8, 8, 8],
			"color": 0,
			"children": [0, 1, 2, 3, 4]
		},
		{
			"name": "window",
			"origin": [8, 8, 8],
			"color": 0,
			"children": [5, 6, 7]
		}
	]
}