{
	"credit": "Made with Blockbench",
	"textures": {
		"0": "block/dark_oak_door_bottom",
		"particle": "block/dark_oak_door_bottom"
	},
	"elements": [
		{
			"from": [0, 0, 0],
			"to": [2, 2.75, 16],
			"faces": {
				"north": {"uv": [0, 13.25, 1, 16], "texture": "#0"},
				"east": {"uv": [16, 13.25, 0, 16], "texture": "#0"},
				"south": {"uv": [15, 13.25, 16, 16], "texture": "#0"},
				"west": {"uv": [0, 13.25, 16, 16], "texture": "#0"},
				"up": {"uv": [0, 13.5, 16, 16], "rotation": 90, "texture": "#0"},
				"down": {"uv": [0, 13.5, 16, 16], "rotation": 90, "texture": "#0"}
			}
		},
		{
			"from": [0, 2.75, 0],
			"to": [2, 14.75, 2.75],
			"faces": {
				"north": {"uv": [0, 1.25, 1, 13.25], "texture": "#0"},
				"east": {"uv": [2.75, 1.25, 0, 13.25], "texture": "#0"},
				"south": {"uv": [1, 1.25, 2, 13.25], "texture": "#0"},
				"west": {"uv": [0, 1.25, 2.75, 13.25], "texture": "#0"},
				"down": {"uv": [0, 0, 2, 2.75], "texture": "#missing"}
			}
		},
		{
			"from": [0, 2.75, 13.25],
			"to": [2, 14.75, 16],
			"faces": {
				"north": {"uv": [15, 1.25, 16, 13.25], "texture": "#0"},
				"east": {"uv": [16, 1.25, 13.25, 13.25], "texture": "#0"},
				"south": {"uv": [15, 1.25, 16, 13.25], "texture": "#0"},
				"west": {"uv": [13.25, 1.25, 16, 13.25], "texture": "#0"},
				"down": {"uv": [0, 0, 2, 2.75], "texture": "#missing"}
			}
		},
		{
			"from": [0, 2.75, 6.75],
			"to": [2, 14.75, 9.25],
			"faces": {
				"north": {"uv": [7.5, 1.25, 8.5, 13.25], "texture": "#0"},
				"east": {"uv": [9.25, 1.25, 6.75, 13.25], "texture": "#0"},
				"south": {"uv": [7.5, 1.25, 8.5, 13.25], "texture": "#0"},
				"west": {"uv": [6.75, 1.25, 9.25, 13.25], "texture": "#0"},
				"down": {"uv": [0, 0, 2, 2.75], "texture": "#missing"}
			}
		},
		{
			"from": [0, 14.75, 0],
			"to": [2, 16, 16],
			"faces": {
				"north": {"uv": [0, 0, 1, 1.25], "texture": "#0"},
				"east": {"uv": [16, 0, 0, 1.25], "texture": "#0"},
				"south": {"uv": [15, 0, 16, 1.25], "texture": "#0"},
				"west": {"uv": [0, 0, 16, 1.25], "texture": "#0"},
				"down": {"uv": [0, 13.5, 16, 16], "rotation": 90, "texture": "#0"}
			}
		},
		{
			"from": [0.5, 2.75, 2.75],
			"to": [1.5, 14.75, 6.75],
			"faces": {
				"east": {"uv": [6.75, 1.25, 2.75, 13.25], "texture": "#0"},
				"west": {"uv": [2.75, 1.25, 6.75, 13.25], "texture": "#0"}
			}
		},
		{
			"from": [0.5, 2.75, 9.25],
			"to": [1.5, 14.75, 13.25],
			"faces": {
				"east": {"uv": [13.25, 1.25, 9.25, 13.25], "texture": "#0"},
				"west": {"uv": [9.25, 1.25, 13.25, 13.25], "texture": "#0"}
			}
		}
	],
	"groups": [
		{
			"name": "door",
			"origin": [8, 8, 8],
			"color": 0,
			"children": [0, 1, 2, 3, 4]
		},
		{
			"name": "window",
			"origin": [8, 8, 8],
			"color": 0,
			"children": [5, 6]
		}
	]
}