{
	"credit": "Made with Blockbench",
	"textures": {
		"0": "block/dark_oak_door_top",
		"particle": "block/dark_oak_door_top"
	},
	"elements": [
		{
			"from": [0, 13.25, 0],
			"to": [2, 16, 16],
			"rotation": {"angle": 0, "axis": "x", "origin": [1, 8, 8]},
			"faces": {
				"north": {"uv": [1, 0, 0, 2.75], "texture": "#0"},
				"east": {"uv": [0, 2.75, 16, 0], "rotation": 180, "texture": "#0"},
				"south": {"uv": [16, 0, 15, 2.75], "texture": "#0"},
				"west": {"uv": [16, 2.75, 0, 0], "rotation": 180, "texture": "#0"},
				"up": {"uv": [16, 0, 0, 2.5], "rotation": 90, "texture": "#0"},
				"down": {"uv": [16, 0, 0, 2.5], "rotation": 90, "texture": "#0"}
			}
		},
		{
			"from": [0, 1.25, 0],
			"to": [2, 13.25, 2.75],
			"rotation": {"angle": 0, "axis": "x", "origin": [1, 8, 8]},
			"faces": {
				"north": {"uv": [1, 2.75, 0, 14.75], "texture": "#0"},
				"east": {"uv": [0, 14.75, 2.75, 2.75], "rotation": 180, "texture": "#0"},
				"south": {"uv": [2, 2.75, 1, 14.75], "texture": "#0"},
				"west": {"uv": [2.75, 14.75, 0, 2.75], "rotation": 180, "texture": "#0"},
				"up": {"uv": [0, 2.75, 2, 0], "texture": "#missing"}
			}
		},
		{
			"from": [0, 1.25, 13.25],
			"to": [2, 13.25, 16],
			"rotation": {"angle": 0, "axis": "x", "origin": [1, 8, 8]},
			"faces": {
				"north": {"uv": [16, 2.75, 15, 14.75], "texture": "#0"},
				"east": {"uv": [13.25, 14.75, 16, 2.75], "rotation": 180, "texture": "#0"},
				"south": {"uv": [16, 2.75, 15, 14.75], "texture": "#0"},
				"west": {"uv": [16, 14.75, 13.25, 2.75], "rotation": 180, "texture": "#0"},
				"up": {"uv": [0, 2.75, 2, 0], "texture": "#missing"}
			}
		},
		{
			"from": [0, 1.25, 6.75],
			"to": [2, 13.25, 9.25],
			"rotation": {"angle": 0, "axis": "x", "origin": [1, 8, 8]},
			"faces": {
				"north": {"uv": [8.5, 2.75, 7.5, 14.75], "texture": "#0"},
				"east": {"uv": [6.75, 14.75, 9.25, 2.75], "rotation": 180, "texture": "#0"},
				"south": {"uv": [8.5, 2.75, 7.5, 14.75], "texture": "#0"},
				"west": {"uv": [9.25, 14.75, 6.75, 2.75], "rotation": 180, "texture": "#0"},
				"up": {"uv": [0, 2.75, 2, 0], "texture": "#missing"}
			}
		},
		{
			"from": [0, 0, 0],
			"to": [2, 1.25, 16],
			"rotation": {"angle": 0, "axis": "x", "origin": [1, 8, 8]},
			"faces": {
				"north": {"uv": [1, 14.75, 0, 16], "texture": "#0"},
				"east": {"uv": [0, 16, 16, 14.75], "rotation": 180, "texture": "#0"},
				"south": {"uv": [16, 14.75, 15, 16], "texture": "#0"},
				"west": {"uv": [16, 16, 0, 14.75], "rotation": 180, "texture": "#0"},
				"up": {"uv": [16, 0, 0, 2.5], "rotation": 90, "texture": "#0"}
			}
		},
		{
			"from": [0.5, 1.25, 2.75],
			"to": [1.5, 13.25, 6.75],
			"rotation": {"angle": 0, "axis": "x", "origin": [1, 8, 8]},
			"faces": {
				"east": {"uv": [2.75, 14.75, 6.75, 2.75], "rotation": 180, "texture": "#0"},
				"west": {"uv": [6.75, 14.75, 2.75, 2.75], "rotation": 180, "texture": "#0"}
			}
		},
		{
			"from": [0.5, 1.25, 9.25],
			"to": [1.5, 13.25, 13.25],
			"rotation": {"angle": 0, "axis": "x", "origin": [1, 8, 8]},
			"faces": {
				"east": {"uv": [9.25, 14.75, 13.25, 2.75], "rotation": 180, "texture": "#0"},
				"west": {"uv": [13.25, 14.75, 9.25, 2.75], "rotation": 180, "texture": "#0"}
			}
		}
	],
	"groups": [
		{
			"name": "door",
			"origin": [8, 8, 8],
			"color": 0,
			"children": [0, 1, 2, 3, 4]
		},
		{
			"name": "window",
			"origin": [8, 8, 8],
			"color": 0,
			"children": [5, 6]
		}
	]
}