{
	"credit": "Made with Blockbench",
	"texture_size": [64, 64],
	"textures": {
		"0": "block/mangrove_door_bottom",
		"particle": "block/mangrove_door_bottom"
	},
	"elements": [
		{
			"from": [0, 0, 0],
			"to": [2, 7, 16],
			"faces": {
				"north": {"uv": [15, 9, 16, 16], "texture": "#0"},
				"east": {"uv": [0, 9, 16, 16], "texture": "#0"},
				"south": {"uv": [0, 9, 1, 16], "texture": "#0"},
				"west": {"uv": [16, 9, 0, 16], "texture": "#0"},
				"up": {"uv": [0, 15, 16, 16], "rotation": 270, "texture": "#0"},
				"down": {"uv": [0, 15, 16, 16], "rotation": 270, "texture": "#0"}
			}
		},
		{
			"from": [0, 7, 10],
			"to": [2, 11, 16],
			"faces": {
				"north": {"uv": [1, 5, 2, 9], "texture": "#0"},
				"east": {"uv": [0, 5, 6, 9], "texture": "#0"},
				"south": {"uv": [0, 5, 1, 9], "texture": "#0"},
				"west": {"uv": [6, 5, 0, 9], "texture": "#0"},
				"up": {"uv": [0, 0, 0.5, 1.5], "rotation": 180, "texture": "#missing"},
				"down": {"uv": [0, 0, 0.5, 1.5], "rotation": 180, "texture": "#missing"}
			}
		},
		{
			"from": [0, 7, 0],
			"to": [2, 11, 6],
			"faces": {
				"north": {"uv": [15, 5, 16, 9], "texture": "#0"},
				"east": {"uv": [10, 5, 16, 9], "texture": "#0"},
				"south": {"uv": [14, 5, 15, 9], "texture": "#0"},
				"west": {"uv": [16, 5, 10, 9], "texture": "#0"},
				"up": {"uv": [0, 0, 0.5, 1.5], "rotation": 180, "texture": "#missing"},
				"down": {"uv": [0, 0, 0.5, 1.5], "rotation": 180, "texture": "#missing"}
			}
		},
		{
			"from": [0, 11, 0],
			"to": [2, 14, 16],
			"faces": {
				"north": {"uv": [15, 2, 16, 5], "texture": "#0"},
				"east": {"uv": [0, 2, 16, 5], "texture": "#0"},
				"south": {"uv": [0, 2, 1, 5], "texture": "#0"},
				"west": {"uv": [16, 2, 0, 5], "texture": "#0"},
				"up": {"uv": [0, 4, 16, 5], "rotation": 270, "texture": "#0"},
				"down": {"uv": [0, 4, 16, 5], "rotation": 270, "texture": "#0"}
			}
		},
		{
			"from": [0, 14, 10],
			"to": [2, 16, 16],
			"faces": {
				"north": {"uv": [1, 0, 2, 2], "texture": "#0"},
				"east": {"uv": [0, 0, 6, 2], "texture": "#0"},
				"south": {"uv": [0, 0, 1, 2], "texture": "#0"},
				"west": {"uv": [6, 0, 0, 2], "texture": "#0"},
				"down": {"uv": [0, 0, 0.5, 1.5], "rotation": 180, "texture": "#missing"}
			}
		},
		{
			"from": [0, 14, 0],
			"to": [2, 16, 6],
			"faces": {
				"north": {"uv": [15, 0, 16, 2], "texture": "#0"},
				"east": {"uv": [10, 0, 16, 2], "texture": "#0"},
				"south": {"uv": [14, 0, 15, 2], "texture": "#0"},
				"west": {"uv": [16, 0, 10, 2], "texture": "#0"},
				"down": {"uv": [0, 0, 0.5, 1.5], "rotation": 180, "texture": "#missing"}
			}
		},
		{
			"from": [0.5, 7, 6],
			"to": [1.5, 11, 10],
			"faces": {
				"east": {"uv": [6, 5, 10, 9], "texture": "#0"},
				"west": {"uv": [10, 5, 6, 9], "texture": "#0"}
			}
		},
		{
			"from": [0.5, 14, 6],
			"to": [1.5, 16, 10],
			"faces": {
				"east": {"uv": [6, 0, 10, 2], "texture": "#0"},
				"west": {"uv": [10, 0, 6, 2], "texture": "#0"}
			}
		}
	],
	"groups": [
		{
			"name": "door",
			"origin": [8, 8, 8],
			"color": 0,
			"children": [0, 1, 2, 3, 4, 5]
		},
		{
			"name": "window",
			"origin": [8, 8, 8],
			"color": 0,
			"children": [6, 7]
		}
	]
}