{
	"credit": "Made with Blockbench",
	"texture_size": [64, 64],
	"textures": {
		"0": "block/mangrove_trapdoor",
		"particle": "block/mangrove_trapdoor"
	},
	"elements": [
		{
			"from": [0, 0, 0],
			"to": [16, 2, 4.5],
			"faces": {
				"north": {"uv": [0, 0, 16, 2.25], "texture": "#0"},
				"east": {"uv": [12, 0, 16, 2.25], "texture": "#0"},
				"south": {"uv": [0, 0, 16, 2.25], "texture": "#0"},
				"west": {"uv": [0, 0, 4, 2.25], "texture": "#0"},
				"up": {"uv": [0, 0, 16, 4.5], "texture": "#0"},
				"down": {"uv": [0, 4.5, 16, 0], "texture": "#0"}
			}
		},
		{
			"from": [0, 0, 11.5],
			"to": [16, 2, 16],
			"faces": {
				"north": {"uv": [0, 16, 16, 13.75], "texture": "#0"},
				"east": {"uv": [0, 0, 4, 2.25], "texture": "#0"},
				"south": {"uv": [0, 16, 16, 13.75], "texture": "#0"},
				"west": {"uv": [12, 0, 16, 2.25], "texture": "#0"},
				"up": {"uv": [0, 11.5, 16, 16], "texture": "#0"},
				"down": {"uv": [0, 16, 16, 11.5], "texture": "#0"}
			}
		},
		{
			"from": [0, 0, 4.5],
			"to": [4.5, 2, 11.5],
			"faces": {
				"north": {"uv": [0, 0, 1.125, 0.5], "texture": "#missing"},
				"east": {"uv": [4, 0, 12, 2.25], "texture": "#0"},
				"south": {"uv": [0, 0, 1.125, 0.5], "texture": "#missing"},
				"west": {"uv": [4, 0, 12, 2.25], "texture": "#0"},
				"up": {"uv": [0, 4.5, 4.5, 11.5], "texture": "#0"},
				"down": {"uv": [0, 11.5, 4.5, 4.5], "texture": "#0"}
			}
		},
		{
			"from": [11.5, 0, 4.5],
			"to": [16, 2, 11.5],
			"faces": {
				"north": {"uv": [0, 0, 1.125, 0.5], "texture": "#missing"},
				"east": {"uv": [4, 0, 12, 2.25], "texture": "#0"},
				"south": {"uv": [0, 0, 1.125, 0.5], "texture": "#missing"},
				"west": {"uv": [4, 0, 12, 2.25], "texture": "#0"},
				"up": {"uv": [11.5, 4.5, 16, 11.5], "texture": "#0"},
				"down": {"uv": [11.5, 11.5, 16, 4.5], "texture": "#0"}
			}
		},
		{
			"from": [4.5, 0.5, 4.5],
			"to": [11.5, 1.5, 11.5],
			"faces": {
				"up": {"uv": [4.5, 4.5, 11.5, 11.5], "texture": "#0"},
				"down": {"uv": [4.5, 11.5, 11.5, 4.5], "texture": "#0"}
			}
		}
	],
	"display": {
		"thirdperson_righthand": {
			"rotation": [69, 45, 1],
			"translation": [0, 3.25, 2.25],
			"scale": [0.5, 0.5, 0.5]
		},
		"thirdperson_lefthand": {
			"rotation": [69, 45, 1],
			"translation": [0, 3.25, 2.25],
			"scale": [0.5, 0.5, 0.5]
		},
		"firstperson_righthand": {
			"rotation": [53.75, 0, 0]
		},
		"firstperson_lefthand": {
			"rotation": [53.75, 0, 0]
		},
		"ground": {
			"translation": [0, 2, 0],
			"scale": [0.25, 0.25, 0.25]
		},
		"gui": {
			"rotation": [30, 225, 0],
			"scale": [0.625, 0.625, 0.625]
		},
		"head": {
			"translation": [0, 15, 0]
		},
		"fixed": {
			"rotation": [-90, 0, 0],
			"translation": [0, 0, -7],
			"scale": [0.9, 0.9, 0.9]
		}
	},
	"groups": [
		{
			"name": "trapdoor",
			"origin": [8, 8, 8],
			"color": 3,
			"children": [0, 1, 2, 3]
		},
		{
			"name": "window",
			"origin": [8, 8, 8],
			"color": 0,
			"children": [4]
		}
	]
}