{
	"credit": "Made with Blockbench",
	"texture_size": [64, 64],
	"textures": {
		"0": "block/oak_trapdoor",
		"particle": "block/oak_trapdoor"
	},
	"elements": [
		{
			"from": [0, 16, 0],
			"to": [16, 18, 2],
			"faces": {
				"north": {"uv": [0, 14.5, 16, 16], "texture": "#0"},
				"east": {"uv": [0, 14.5, 1.75, 16], "texture": "#0"},
				"south": {"uv": [1.75, 6.5, 14.25, 9.75], "texture": "#0"},
				"west": {"uv": [14.25, 0, 16, 1.5], "texture": "#0"},
				"up": {"uv": [0, 0, 16, 1.75], "texture": "#0"},
				"down": {"uv": [0, 1.75, 16, 0], "texture": "#0"}
			}
		},
		{
			"from": [0, 16, 14],
			"to": [16, 18, 16],
			"faces": {
				"north": {"uv": [1.75, 6.5, 14.25, 9.75], "texture": "#0"},
				"east": {"uv": [14.25, 14.5, 16, 16], "texture": "#0"},
				"south": {"uv": [0, 14.5, 16, 16], "texture": "#0"},
				"west": {"uv": [0, 0, 1.75, 1.5], "texture": "#0"},
				"up": {"uv": [0, 14.25, 16, 16], "texture": "#0"},
				"down": {"uv": [0, 16, 16, 14.25], "texture": "#0"}
			}
		},
		{
			"from": [0, 16, 2],
			"to": [1.5, 18, 14],
			"faces": {
				"north": {"uv": [0, 0, 0.5, 0.5], "texture": "#missing"},
				"east": {"uv": [1.75, 6.5, 14.25, 9.75], "texture": "#0"},
				"south": {"uv": [0, 0, 0.5, 0.5], "texture": "#missing"},
				"west": {"uv": [2, 14.5, 14.25, 16], "texture": "#0"},
				"up": {"uv": [0, 1.75, 1.75, 14.25], "texture": "#0"},
				"down": {"uv": [0, 14.25, 1.75, 1.75], "texture": "#0"}
			}
		},
		{
			"from": [14.5, 16, 2],
			"to": [16, 18, 14],
			"faces": {
				"north": {"uv": [0, 0, 0.5, 0.5], "texture": "#missing"},
				"east": {"uv": [2, 14.5, 14.25, 16], "texture": "#0"},
				"south": {"uv": [0, 0, 0.5, 0.5], "texture": "#missing"},
				"west": {"uv": [1.75, 6.5, 14.25, 9.75], "texture": "#0"},
				"up": {"uv": [14.25, 1.75, 16, 14.25], "texture": "#0"},
				"down": {"uv": [14.25, 14.25, 16, 1.75], "texture": "#0"}
			}
		},
		{
			"from": [1.5, 16, 6.5],
			"to": [14.5, 18, 9.5],
			"faces": {
				"north": {"uv": [1.75, 6.5, 14.25, 9.75], "texture": "#0"},
				"east": {"uv": [0, 0, 0.75, 0.25], "texture": "#missing"},
				"south": {"uv": [1.75, 6.5, 14.25, 9.75], "texture": "#0"},
				"west": {"uv": [0, 0, 0.75, 0.25], "texture": "#missing"},
				"up": {"uv": [1.75, 6.25, 14.25, 9.75], "texture": "#0"},
				"down": {"uv": [1.75, 9.75, 14.25, 6.25], "texture": "#0"}
			}
		},
		{
			"from": [6.25, 16, 2],
			"to": [9.75, 18, 6.5],
			"faces": {
				"north": {"uv": [0, 0, 1, 0.5], "texture": "#missing"},
				"east": {"uv": [6.5, 9.75, 9.375, 14], "texture": "#0"},
				"south": {"uv": [0, 0, 1, 0.5], "texture": "#missing"},
				"west": {"uv": [6.5, 9.75, 9.375, 14], "texture": "#0"},
				"up": {"uv": [6.25, 1.75, 9.75, 6], "texture": "#0"},
				"down": {"uv": [6.25, 6, 9.75, 1.75], "texture": "#0"}
			}
		},
		{
			"from": [6.25, 16, 9.5],
			"to": [9.75, 18, 14],
			"faces": {
				"north": {"uv": [0, 0, 1, 0.5], "texture": "#missing"},
				"east": {"uv": [6.5, 1.75, 9.375, 6], "texture": "#0"},
				"south": {"uv": [0, 0, 1, 0.5], "texture": "#missing"},
				"west": {"uv": [6.5, 1.75, 9.375, 6], "texture": "#0"},
				"up": {"uv": [6.25, 1.75, 9.75, 6], "texture": "#0"},
				"down": {"uv": [6.25, 6, 9.75, 1.75], "texture": "#0"}
			}
		},
		{
			"from": [1.5, 16.5, 2],
			"to": [6.25, 17.5, 6.5],
			"faces": {
				"up": {"uv": [1.75, 1.75, 6.1875, 6.125], "texture": "#0"},
				"down": {"uv": [1.75, 6.125, 6.1875, 1.75], "texture": "#0"}
			}
		},
		{
			"from": [9.75, 16.5, 2],
			"to": [14.5, 17.5, 6.5],
			"faces": {
				"up": {"uv": [1.75, 1.75, 6.1875, 6.125], "texture": "#0"},
				"down": {"uv": [1.75, 6.125, 6.1875, 1.75], "texture": "#0"}
			}
		},
		{
			"from": [1.5, 16.5, 9.5],
			"to": [6.25, 17.5, 14],
			"faces": {
				"up": {"uv": [1.75, 1.75, 6.1875, 6.125], "texture": "#0"},
				"down": {"uv": [1.75, 6.125, 6.1875, 1.75], "texture": "#0"}
			}
		},
		{
			"from": [9.75, 16.5, 9.5],
			"to": [14.5, 17.5, 14],
			"faces": {
				"up": {"uv": [1.75, 1.75, 6.1875, 6.125], "texture": "#0"},
				"down": {"uv": [1.75, 6.125, 6.1875, 1.75], "texture": "#0"}
			}
		}
	],
	"display": {
		"thirdperson_righthand": {
			"rotation": [69, 45, 1],
			"translation": [0, 3.25, 2.25],
			"scale": [0.5, 0.5, 0.5]
		},
		"thirdperson_lefthand": {
			"rotation": [69, 45, 1],
			"translation": [0, 3.25, 2.25],
			"scale": [0.5, 0.5, 0.5]
		},
		"firstperson_righthand": {
			"rotation": [53.75, 0, 0]
		},
		"firstperson_lefthand": {
			"rotation": [53.75, 0, 0]
		},
		"ground": {
			"translation": [0, 2, 0],
			"scale": [0.25, 0.25, 0.25]
		},
		"gui": {
			"rotation": [30, 225, 0],
			"scale": [0.625, 0.625, 0.625]
		},
		"head": {
			"translation": [0, 15, 0]
		},
		"fixed": {
			"rotation": [-90, 0, 0],
			"translation": [0, 0, -7],
			"scale": [0.9, 0.9, 0.9]
		}
	},
	"groups": [
		{
			"name": "trapdoor",
			"origin": [8, 8, 8],
			"color": 0,
			"children": [0, 1, 2, 3, 4, 5, 6]
		},
		{
			"name": "window",
			"origin": [8, 8, 8],
			"color": 0,
			"children": [7, 8, 9, 10]
		}
	]
}