{
	"credit": "Made with Blockbench",
	"texture_size": [64, 64],
	"textures": {
		"0": "block/spruce_door_top",
		"particle": "block/spruce_door_top"
	},
	"elements": [
		{
			"from": [0, 0, 0],
			"to": [2, 2, 16],
			"faces": {
				"north": {"uv": [0, 14, 1, 16], "texture": "#0"},
				"east": {"uv": [16, 14, 0, 16], "texture": "#0"},
				"south": {"uv": [15, 14, 16, 16], "texture": "#0"},
				"west": {"uv": [0, 14, 16, 16], "texture": "#0"},
				"up": {"uv": [0, 1, 16, 3], "rotation": 90, "texture": "#0"}
			}
		},
		{
			"from": [0, 2, 0],
			"to": [2, 9.75, 1.5],
			"faces": {
				"north": {"uv": [0, 6.25, 1, 14], "texture": "#0"},
				"east": {"uv": [1.5, 6.25, 0, 14], "texture": "#0"},
				"south": {"uv": [0, 6.25, 1, 14], "texture": "#0"},
				"west": {"uv": [0, 6.25, 1.5, 14], "texture": "#0"},
				"up": {"uv": [0, 0, 0.5, 0.375], "texture": "#missing"}
			}
		},
		{
			"from": [0, 2, 14.5],
			"to": [2, 9.75, 16],
			"faces": {
				"north": {"uv": [15, 6.25, 16, 14], "texture": "#0"},
				"east": {"uv": [16, 6.25, 14.5, 14], "texture": "#0"},
				"south": {"uv": [15, 6.25, 16, 14], "texture": "#0"},
				"west": {"uv": [14.5, 6.25, 16, 14], "texture": "#0"},
				"up": {"uv": [0, 0, 0.5, 0.375], "texture": "#missing"}
			}
		},
		{
			"from": [0, 9.75, 0],
			"to": [2, 16, 16],
			"faces": {
				"north": {"uv": [0, 0, 1, 6.25], "texture": "#0"},
				"east": {"uv": [16, 0, 0, 6.25], "texture": "#0"},
				"south": {"uv": [15, 0, 16, 6.25], "texture": "#0"},
				"west": {"uv": [0, 0, 16, 6.25], "texture": "#0"},
				"up": {"uv": [0, 1.25, 16, 3.25], "rotation": 90, "texture": "#0"},
				"down": {"uv": [0, 1.25, 16, 3.25], "rotation": 90, "texture": "#0"}
			}
		},
		{
			"from": [0.5, 2, 1.5],
			"to": [1.5, 9.75, 14.5],
			"faces": {
				"east": {"uv": [14.5, 6.25, 1.5, 13.9375], "texture": "#0"},
				"west": {"uv": [1.5, 6.25, 14.5, 13.9375], "texture": "#0"}
			}
		}
	],
	"groups": [
		{
			"name": "door",
			"origin": [8, 8, 8],
			"color": 0,
			"children": [0, 1, 2, 3]
		},
		{
			"name": "window",
			"origin": [8, 8, 8],
			"color": 0,
			"children": [4]
		}
	]
}