{
	"credit": "Made with Blockbench",
	"texture_size": [64, 64],
	"textures": {
		"0": "block/warped_trapdoor",
		"1": "block/warped_texture",
		"particle": "block/warped_trapdoor"
	},
	"elements": [
		{
			"from": [0, 16, 0],
			"to": [3, 18, 3],
			"faces": {
				"north": {"uv": [12, 0, 16, 3], "texture": "#1"},
				"east": {"uv": [0, 0, 4, 4], "texture": "#1"},
				"south": {"uv": [12, 0, 16, 4], "texture": "#1"},
				"west": {"uv": [0, 0, 4, 3], "texture": "#1"},
				"up": {"uv": [0, 0, 3, 3], "texture": "#0"},
				"down": {"uv": [0, 3, 3, 0], "texture": "#0"}
			}
		},
		{
			"from": [0, 16, 13],
			"to": [3, 18, 16],
			"faces": {
				"north": {"uv": [0, 0, 4, 4], "texture": "#1"},
				"east": {"uv": [12, 0, 16, 4], "texture": "#1"},
				"south": {"uv": [0, 0, 4, 3], "texture": "#1"},
				"west": {"uv": [12, 0, 16, 3], "texture": "#1"},
				"up": {"uv": [0, 13, 3, 16], "texture": "#0"},
				"down": {"uv": [0, 16, 3, 13], "texture": "#0"}
			}
		},
		{
			"from": [13, 16, 13],
			"to": [16, 18, 16],
			"faces": {
				"north": {"uv": [12, 0, 16, 4], "texture": "#1"},
				"east": {"uv": [0, 0, 4, 3], "texture": "#1"},
				"south": {"uv": [12, 0, 16, 3], "texture": "#1"},
				"west": {"uv": [0, 0, 4, 4], "texture": "#1"},
				"up": {"uv": [13, 13, 16, 16], "texture": "#0"},
				"down": {"uv": [13, 16, 16, 13], "texture": "#0"}
			}
		},
		{
			"from": [13, 16, 0],
			"to": [16, 18, 3],
			"faces": {
				"north": {"uv": [0, 0, 4, 3], "texture": "#1"},
				"east": {"uv": [12, 0, 16, 3], "texture": "#1"},
				"south": {"uv": [0, 0, 4, 4], "texture": "#1"},
				"west": {"uv": [12, 0, 16, 4], "texture": "#1"},
				"up": {"uv": [13, 0, 16, 3], "texture": "#0"},
				"down": {"uv": [13, 3, 16, 0], "texture": "#0"}
			}
		},
		{
			"from": [0, 16, 3],
			"to": [2, 18, 13],
			"faces": {
				"north": {"uv": [0, 0, 0.5, 0.5], "texture": "#missing"},
				"east": {"uv": [0.5, 0, 15.5, 4], "texture": "#1"},
				"south": {"uv": [0, 0, 0.5, 0.5], "texture": "#missing"},
				"west": {"uv": [0.5, 0, 15.5, 3], "texture": "#1"},
				"up": {"uv": [0, 3, 2, 13], "texture": "#0"},
				"down": {"uv": [0, 13, 2, 3], "texture": "#0"}
			}
		},
		{
			"from": [14, 16, 3],
			"to": [16, 18, 13],
			"faces": {
				"north": {"uv": [0, 0, 0.5, 0.5], "texture": "#missing"},
				"east": {"uv": [0.5, 0, 15.5, 3], "texture": "#1"},
				"south": {"uv": [0, 0, 0.5, 0.5], "texture": "#missing"},
				"west": {"uv": [0.5, 0, 15.5, 4], "texture": "#1"},
				"up": {"uv": [14, 3, 16, 13], "texture": "#0"},
				"down": {"uv": [14, 13, 16, 3], "texture": "#0"}
			}
		},
		{
			"from": [3, 16, 0],
			"to": [13, 18, 2],
			"faces": {
				"north": {"uv": [0.5, 0, 15.5, 3], "texture": "#1"},
				"east": {"uv": [0, 0, 2.5, 0.5], "texture": "#missing"},
				"south": {"uv": [0.5, 0, 15.5, 4], "texture": "#1"},
				"west": {"uv": [0, 0, 2.5, 0.5], "texture": "#missing"},
				"up": {"uv": [3, 0, 13, 2], "texture": "#0"},
				"down": {"uv": [3, 2, 13, 0], "texture": "#0"}
			}
		},
		{
			"from": [3, 16, 14],
			"to": [13, 18, 16],
			"faces": {
				"north": {"uv": [0.5, 0, 15.5, 4], "texture": "#1"},
				"east": {"uv": [0, 0, 2.5, 0.5], "texture": "#missing"},
				"south": {"uv": [0.5, 0, 15.5, 3], "texture": "#1"},
				"west": {"uv": [0, 0, 2.5, 0.5], "texture": "#missing"},
				"up": {"uv": [3, 14, 13, 16], "texture": "#0"},
				"down": {"uv": [3, 16, 13, 14], "texture": "#0"}
			}
		},
		{
			"from": [3, 16.5, 2],
			"to": [13, 17.5, 3],
			"faces": {
				"up": {"uv": [3, 2, 13, 3], "texture": "#0"},
				"down": {"uv": [3, 3, 13, 2], "texture": "#0"}
			}
		},
		{
			"from": [3, 16.5, 13],
			"to": [13, 17.5, 14],
			"faces": {
				"up": {"uv": [3, 13, 13, 14], "texture": "#0"},
				"down": {"uv": [3, 14, 13, 13], "texture": "#0"}
			}
		},
		{
			"from": [2, 16.5, 3],
			"to": [3, 17.5, 13],
			"faces": {
				"up": {"uv": [2, 3, 3, 13], "texture": "#0"},
				"down": {"uv": [2, 13, 3, 3], "texture": "#0"}
			}
		},
		{
			"from": [13, 16.5, 3],
			"to": [14, 17.5, 13],
			"faces": {
				"up": {"uv": [13, 3, 14, 13], "texture": "#0"},
				"down": {"uv": [13, 13, 14, 3], "texture": "#0"}
			}
		},
		{
			"from": [3, 16.5, 3],
			"to": [13, 17.5, 13],
			"faces": {
				"up": {"uv": [3, 3, 13, 13], "texture": "#0"},
				"down": {"uv": [3, 13, 13, 3], "texture": "#0"}
			}
		}
	],
	"display": {
		"thirdperson_righthand": {
			"rotation": [69, 45, 1],
			"translation": [0, 3.25, 2.25],
			"scale": [0.5, 0.5, 0.5]
		},
		"thirdperson_lefthand": {
			"rotation": [69, 45, 1],
			"translation": [0, 3.25, 2.25],
			"scale": [0.5, 0.5, 0.5]
		},
		"firstperson_righthand": {
			"rotation": [53.75, 0, 0]
		},
		"firstperson_lefthand": {
			"rotation": [53.75, 0, 0]
		},
		"ground": {
			"translation": [0, 2, 0],
			"scale": [0.25, 0.25, 0.25]
		},
		"gui": {
			"rotation": [30, 225, 0],
			"scale": [0.625, 0.625, 0.625]
		},
		"head": {
			"translation": [0, 15, 0]
		},
		"fixed": {
			"rotation": [-90, 0, 0],
			"translation": [0, 0, -7],
			"scale": [0.9, 0.9, 0.9]
		}
	},
	"groups": [
		{
			"name": "trapdoor",
			"origin": [8, 8, 8],
			"color": 0,
			"children": [0, 1, 2, 3, 4, 5, 6, 7]
		},
		{
			"name": "window",
			"origin": [8, 8, 8],
			"color": 0,
			"children": [8, 9, 10, 11, 12]
		}
	]
}