{
	"credit": "Made with Blockbench",
	"texture_size": [64, 64],
	"textures": {
		"0": "block/warped_door_top",
		"particle": "block/warped_door_top"
	},
	"elements": [
		{
			"from": [0, 0, 0],
			"to": [2, 2.5, 16],
			"faces": {
				"north": {"uv": [15, 13.5, 16, 16], "texture": "#0"},
				"east": {"uv": [0, 13.5, 16, 16], "texture": "#0"},
				"south": {"uv": [0, 13.5, 1, 16], "texture": "#0"},
				"west": {"uv": [16, 13.5, 0, 16], "texture": "#0"},
				"up": {"uv": [0, 13.5, 16, 14.5], "rotation": 270, "texture": "#0"}
			}
		},
		{
			"from": [0, 2.5, 14],
			"to": [2, 14.5, 16],
			"faces": {
				"north": {"uv": [1, 1.5, 2, 13.5], "texture": "#0"},
				"east": {"uv": [0, 1.5, 2, 13.5], "texture": "#0"},
				"south": {"uv": [0, 1.5, 1, 13.5], "texture": "#0"},
				"west": {"uv": [2, 1.5, 0, 13.5], "texture": "#0"},
				"up": {"uv": [0, 0, 0.5, 0.5], "rotation": 180, "texture": "#missing"}
			}
		},
		{
			"from": [0, 2.5, 0],
			"to": [2, 14.5, 2],
			"faces": {
				"north": {"uv": [15, 1.5, 16, 13.5], "texture": "#0"},
				"east": {"uv": [14, 1.5, 16, 13.5], "texture": "#0"},
				"south": {"uv": [14, 1.5, 15, 13.5], "texture": "#0"},
				"west": {"uv": [16, 1.5, 14, 13.5], "texture": "#0"},
				"up": {"uv": [0, 0, 0.5, 0.5], "rotation": 180, "texture": "#missing"}
			}
		},
		{
			"from": [0, 14.5, 0],
			"to": [2, 16, 16],
			"faces": {
				"north": {"uv": [15, 0, 16, 1.5], "texture": "#0"},
				"east": {"uv": [0, 0, 16, 1.5], "texture": "#0"},
				"south": {"uv": [0, 0, 1, 1.5], "texture": "#0"},
				"west": {"uv": [16, 0, 0, 1.5], "texture": "#0"},
				"up": {"uv": [0, 0.5, 16, 1.5], "rotation": 270, "texture": "#0"},
				"down": {"uv": [0, 0.5, 16, 1.5], "rotation": 270, "texture": "#0"}
			}
		},
		{
			"from": [0, 2.5, 13],
			"to": [2, 3.5, 14],
			"faces": {
				"north": {"uv": [2, 14.5, 3, 15.5], "texture": "#0"},
				"east": {"uv": [2, 12.5, 3, 13.5], "texture": "#0"},
				"south": {"uv": [0, 0, 0.5, 0.25], "texture": "#missing"},
				"west": {"uv": [3, 12.5, 2, 13.5], "texture": "#0"},
				"up": {"uv": [2, 14.5, 3, 15.5], "rotation": 180, "texture": "#0"}
			}
		},
		{
			"from": [0, 2.5, 2],
			"to": [2, 3.5, 3],
			"faces": {
				"north": {"uv": [0, 0, 0.5, 0.25], "texture": "#missing"},
				"east": {"uv": [13, 12.5, 14, 13.5], "texture": "#0"},
				"south": {"uv": [2, 14.5, 3, 15.5], "texture": "#0"},
				"west": {"uv": [14, 12.5, 13, 13.5], "texture": "#0"},
				"up": {"uv": [2, 14.5, 3, 15.5], "rotation": 180, "texture": "#0"}
			}
		},
		{
			"from": [0, 13.5, 2],
			"to": [2, 14.5, 3],
			"faces": {
				"north": {"uv": [0, 0, 0.5, 0.25], "texture": "#missing"},
				"east": {"uv": [13, 1.5, 14, 2.5], "texture": "#0"},
				"south": {"uv": [2, 14.5, 3, 15.5], "texture": "#0"},
				"west": {"uv": [14, 1.5, 13, 2.5], "texture": "#0"},
				"up": {"uv": [0, 0, 0.5, 0.25], "rotation": 180, "texture": "#missing"},
				"down": {"uv": [2, 14.5, 3, 15.5], "rotation": 180, "texture": "#0"}
			}
		},
		{
			"from": [0, 13.5, 13],
			"to": [2, 14.5, 14],
			"faces": {
				"north": {"uv": [2, 14.5, 3, 15.5], "texture": "#0"},
				"east": {"uv": [2, 1.5, 3, 2.5], "texture": "#0"},
				"south": {"uv": [0, 0, 0.5, 0.25], "texture": "#missing"},
				"west": {"uv": [3, 1.5, 2, 2.5], "texture": "#0"},
				"up": {"uv": [0, 0, 0.5, 0.25], "rotation": 180, "texture": "#missing"},
				"down": {"uv": [2, 14.5, 3, 15.5], "rotation": 180, "texture": "#0"}
			}
		},
		{
			"from": [0.5, 2.5, 2],
			"to": [1.5, 14.5, 14],
			"faces": {
				"east": {"uv": [2, 1.5, 14, 13.5], "texture": "#0"},
				"west": {"uv": [14, 1.5, 2, 13.5], "texture": "#0"}
			}
		}
	],
	"groups": [
		{
			"name": "door",
			"origin": [8, 8, 8],
			"color": 0,
			"children": [0, 1, 2, 3, 4, 5, 6, 7]
		},
		{
			"name": "window",
			"origin": [8, 8, 8],
			"color": 0,
			"children": [8]
		}
	]
}